,사업장명,지번주소,인허가일자,폐업일자
0,마리오아울렛 1관,가산동,2013-09-06,
1,마리오아울렛 3관,가산동,2012-09-13,
2,롯데슈퍼 목동2점,목5동,2012-04-05,
3,영등포유통상가,당산동2가,1999-05-31,
4,롯데슈퍼 방배2점,방배1동,2012-04-24,
5,GS THE FRESH 동대문장안점,장안동,2023-03-14,
6,갤러리아백화점(동관),압구정동,1985-07-08,
7,롯데프레시앤델리 봉화산역점,신내동,2021-11-25,
8,롯데슈퍼 홍제2점,홍제동,2012-02-07,
9,씨에스유통 (롯데슈퍼화곡2점),화곡4동,2011-07-14,
10,롯데슈퍼 유진점,홍제동,2011-07-01,
11,유진상가,홍제3동,1970-08-14,
12,갤러리아백화점(서관),압구정동,1985-03-18,
13,GS THE FRESH 동대문장안점,장안동,2023-03-14,
14,GS THE FRESH 중랑망우점,망우동,2023-04-04,
15,이마트에브리데이 길음점,길음동,2023-04-18,
16,이마트에브리데이 길음점,길음동,2023-04-18,
17,이마트에브리데이 성내점,성내동,2019-10-30,2023-04-14
18,이마트에브리데이 명지대점,남가좌동,20220405,
19,신세계백화점 강남점,반포동,20150922,
20,GS THE FRESH 송파시그니처점,거여동,2023-02-01,
21,GS THE FRESH 송파하비오점,문정동,2023-02-27,
22,홈플러스 익스프레스 신정4점,신정동,20010301,20210928
23,롯데쇼핑㈜롯데슈퍼길동점,길동,20111007,
24,상계역전종합상가,상계동,19981231,
25,이랜드리테일 NC구로점,구로동,20200626,
26,롯데백화점 영등포점,영등포동,19910501,
27,롯데쇼핑(주) 롯데마트 삼양점,미아동,20110909,
28,지에스 더 프레시(GS THE FRESH) 관악청림점,봉천동,20220325,
29,롯데프레시 홍은점,홍은동,20211220,
30,GS THE FRESH 무악현대점,무악동,20220628,
31,뚝도시장,성수동2가,19620125,
32,청량리역 한양수자인 그라시엘 판매시설,용두동,20220711,
33,경동시장,제기동,19600629,
34,노량진 드림스퀘어,노량진동,20220722,
35,GS THE FRESH 용산이촌점,이촌동,20220808,
36,이마트에브리데이 남가좌점,남가좌동,20220816,
37,GS THE FRESH 광진구의점,구의동,20220713,
38,GS THE FRESH 압구정점,신사동,20220915,
39,포레나당산동역세권청년주택 상업시설,당산동2가,20221214,
40,롯데쇼핑(주) 롯데슈퍼공릉점,공릉동,20110621,
41,롯데백화점 노원점,상계동,20050826,
42,GS THE FRESH 성북클라시아점,길음동,20220418,
43,홈플러스(주)익스프레스 구의점,구의1동,20111005,20200719
44,(주)이마트에브리데이 중곡동점,중곡1동,20110922,
45,롯데쇼핑(주)롯데슈퍼 중곡점,중곡2동,20110922,20200430
46,역촌중앙시장,갈현동,20220404,20220405
47,롯데 FRESH 아차산점,구의2동,2012-03-21,
48,이천일아울렛 중계점,중계2.3동,20090921,
49,(주)이마트에브리데이 가양역점,등촌동,20230127,
50,롯데쇼핑(주)롯데슈퍼 구의점,구의3동,20120321,20180319
51,홈플러스 익스프레스 오목교점,신정동,20221004,
52,노브랜드 경동시장점,제기동,20180125,
53,(주)지에스리테일 서초방배점,방배동,20161201,20220325
54,베라체캠퍼스 에비뉴,회기동,20131127,
55,롯데쇼핑(주)롯데슈퍼 신월점,신월5동,20120523,
56,GS수퍼 성동옥수점,옥수동,20120402,20220405
57,롯데슈퍼 홍제점,홍제동,20211220,20221011
58,엔씨백화점 불광점,대조동,20070411,
59,롯데슈퍼 쌍문점,쌍문2동,2012-03-15,
60,롯데슈퍼 남가좌점,남가좌동,20211216,
61,롯데슈퍼 창동점,창1동,20120318,
62,롯데슈퍼 방학점,방학3동,20120315,
63,(주)지에스리테일 GS수퍼 목동오거리점,신정4동,20110915,20220413
64,정릉시장상인회,정릉동,20100315,
65,토우마트마축일시장,마장동,20051111,20140410
66,(주)이마트 성수점,성수동2가,20050331,
67,이마트에브리데이 강남시장점,신사동,20220412,
68,GS THE FRESH 신길사러가점,신길동,20211228,
69,이랜드리테일 당산점,당산동5가,20010620,
70,(주)광희패션몰,신당1동,19790525,
71,롯데슈퍼 창천점,창천동,20211220,
72,월곡시장,하월곡동,19690219,20080222
73,정릉시장,정릉동,19700227,20070330
74,장위시장,장위동,19720704,20180712
75,삼선시장,삼선동1가,19740510,20070213
76,코코마트,장위동,20031224,20080729
77,낙원상가,낙원동,20190917,
78,낙원상가,낙원동,20190917,
79,광장시장,예지동,19550705,
80,홈플러스(주)익스프레스 숭인점,숭인동,20110816,
81,대림시장,응암동,20071221,
82,양지시장,응암동,19721113,
83,(주)영풍문고,서린동,19920704,
84,맥스타일,신당1동,20101008,
85,효성주얼리시티,인의동,20070704,
86,브라운스톤 창신상가,창신동,20070907,
87,세운스퀘어,인의동,2010-02-18,
88,광장주식회사,예지동,20030304,
89,길음시장,길음동,20190529,
90,영풍문고,서린동,20040430,
91,동대문신발도매상가,창신동,20040630,
92,신설종합시장,숭인동,19710325,
93,신설종합시장(주),숭인동,19871030,
94,숭인제일아케이트,창신동,19871207,
95,화양시장,군자동,19740701,20060123
96,크레타 망고 아울렛,창신동,20080305,20141126
97,중학아케이드,중학동,20111007,20140901
98,서울남대문시장,남창동,19641013,
99,(주)에리어식스,신당동,19801016,
100,우일타운,흥인동,20090908,
101,진관시장,진관외동,19681014,
102,올레오,신당1동,2006-10-23,
103,롯데아울렛 서울역점,봉래동2가,20121227,
104,롯데아울렛 서울역점,봉래동2가,19990901,
105,숭례문상가,남창동,19801220,
106,메트로,불광동,20020409,
107,호텔롯데아케이드,소공동,19781222,
108,에이피엠패션몰,신당동,20020612,
109,청계상가,산림동,20191017,
110,청평화시장,신당1동,19830603,
111,디오트,신당동,20060414,
112,주식회사 이마트 청계천점,황학동,20080626,
113,베네치아메가몰,황학동,20080718,
114,엠플라자(M plaza),명동2가,20080827,
115,눈스퀘어,명동2가,20020115,
116,에쉐르아이시네마쇼핑몰,당산동,20050929,
117,패션몰 유어스,신당동,20060421,
118,롯데슈퍼 한남점(가맹점),한남동,20120323,
119,보광시장,보광동,19750701,
120,만리시장,서계동,19681109,
121,삼구시장,영등포동5가,19871127,
122,해밀톤 쇼핑몰,이태원동,19870213,
123,삼익아파트상가,장위동,20080620,
124,신동아 쇼핑센터,용산동6가,19851112,
125,이태원시장,이태원동,19600217,
126,한강상가,이촌동,19701130,20120802
127,삼성테마트,산천동,20010804,20140402
128,성동용답상가시장,용답동,20110705,
129,동아코아,천호동,20050720,
130,롯데쇼핑(주) 롯데마트 서초점,서초동,20150203,
131,롯데쇼핑(주)롯데슈퍼 우장산점,내발산동,20120329,
132,롯데쇼핑(주)롯데슈퍼 방화점,방화1동,20120329,
133,롯데백화점(강남점),대치동,20000616,
134,신동아쇼핑센터,용산동6가,19851112,
135,홈플러스(주) 익스프레스 왕십리점,왕십리2동,20120214,
136,금남시장,금호동3가,19620121,
137,자동차매매센타,용답동,19800905,
138,서울풍물시장,신설동,20080806,
139,홈플러스(주)익스프레스 뚝섬점,성수1가1동,2012-03-22,2023-03-27
140,한남하이츠상가,옥수동,19821016,
141,대림리빙프라자,행당동,19980803,
142,한진종합상가,행당동,20000331,
143,(주)인트램,성수동2가,19681207,
144,마장축산물시장,마장동,20060320,
145,성동삼성쉐르빌상가,왕십리도선동,20070323,
146,(주)이마트 왕십리점,행당동,20080627,
147,ENTER-6,행당동,20080828,
148,홈플러스(주) 익프스레스 금호2점,금호동3가,20120224,
149,홈플러스(주) 익스프레스 금호점,금호동1가,20120321,
150,노브랜드 엔터식스한양대점,행당동,20180228,
151,녹번시장,응암동,19661207,20170404
152,홈플러스익스프레스 뚝섬2점,성수동1가,20130219,
153,롯데쇼핑(주) 롯데슈퍼 장안점,장안동,20110907,
154,롯데쇼핑(주) 롯데슈퍼 전농점,전농동,20110907,
155,이천일 아울렛 구로점,고척동,20051117,
156,롯데쇼핑(주)롯데마트 청량리점,전농1동,20100811,
157,홈플러스(주)익스프레스 성수점,성수1가1동,20111004,20120504
158,금북시장,금호동1가,19690109,20151130
159,금호종합시장,금호동4가,19790810,20080522
160,용답동상가번영회,용답동,20060824,20110705
161,성동마트,성수동2가,20010913,
162,노룬산시장,자양동,19701223,
163,조양시장,자양동,19710501,
164,중곡제일시장,중곡동,19710508,
165,파크에비뉴,군자동,20080903,
166,신성종합시장,중곡동,19770131,
167,자양종합시장,자양동,19790716,
168,테크노-마트21,구의동,19980323,
169,홈플러스(주)익스프레스 중곡점,중곡2동,20120306,
170,홈플러스익스프레스 중곡2점,중곡4동,20111005,
171,구의 자이르네 판매시설,구의동,2021-06-08,
172,(주)지에스리테일GS수퍼 광진화양점,화양동,20111004,
173,프라젠 스파,자양동,20060228,
174,(주)이마트 자양점,자양동,20061214,
175,커먼그라운드,자양동,20150403,
176,한아름시장,화양동,19800407,
177,광성시장,중곡동,19800618,
178,동서울터미널상가,구의동,19890823,
179,현대종합상가,광장동,19901117,
180,구의현대종합상가,구의동,19921105,
181,프라임프라자상가,구의동,19970130,
182,구의시장,구의동,19740209,20210127
183,워커힐상가,광장동,19790709,20111229
184,홈플러스(주) 동대문점,용두동,20031023,
185,홈플러스익스프레스 구의2점,구의3동,20120329,
186,장안위더스빌,장안동,20110315,
187,(주)이마트에브리데이 이문점,이문동,20210826,
188,불로장생타워,제기동,20070509,
189,건강백화점 동의보감,용두동,20060424,
190,대규모점포 개설등록,이문1동,20090320,
191,전곡시장,장안동,19750905,
192,이경시장,휘경동,19740711,
193,이문제일시장,이문동,19720712,
194,한솔동의보감,제기동,20040722,
195,(주)형지쇼핑 아트몰링 장안점,장안동,20050429,
196,용두시장,용두동,19771226,
197,동서시장,제기동,19721012,
198,청량리현대코아,청량리동,19480921,
199,전농프라자,전농동,19781228,
200,전농로타리시장,전농동,19740402,
201,동부시장,답십리동,19710311,
202,이문동웰츠타워,이문동,20090320,
203,서울특별시장,신설동,20161230,
204,(주)이마트에브리데이 답십리점,답십리1동,20110926,
205,노브랜드 동대문 장안점,장안동,20111228,
206,쉐르빌쇼핑타운,장안동,20021022,20070102
207,(주)미도파마트,제기동,20021112,20030401
208,동부청과(주),용두동,20070205,20211101
209,장안시장,장안동,19710313,20071128
210,휘경시장,회기동,19740710,20080114
211,이문종합상가,이문동,19620312,20060302
212,답십리시장,답십리동,19611023,20010205
213,미도파마트,제기동,19990126,20030401
214,휘경시장,회기동,20040908,20080114
215,주-이문종합상가,이문동,20041122,20050302
216,주-이문종합상가,이문동,20041122,20050302
217,롯데쇼핑(주) 롯데슈퍼 장안2동점,장안2동,20120507,20141231
218,그랜드패션아울렛,화곡동,19950501,
219,롯데쇼핑(주) 롯데슈퍼 장안 2동점,장안동,20130814,20141231
220,롯데백화점 청량리플라자,전농동,19790913,20171227
221,제기시장,제기동,19630131,20150724
222,답십리중앙시장,답십리동,19720901,20010502
223,홈플러스(주) 익스프레스 이문점,이문1동,20110926,20140828
224,건강백화점 동의보감,용두동,20060424,
225,바우하우스,장안동,20050429,
226,트레지오,미아동,20070517,
227,동성타워프라자,신내1동,20010328,
228,태능엔터피아 번영회,중화2동,19750909,
229,홈플러스(주) 익스프레스 태릉점,중화2동,20110704,
230,홈플러스(주)익스프레스 면목점,면목3.8동,20110809,
231,홈플러스(주)익스프레스 망우점,망우3동,20110809,
232,(주)이마트에브리데이 면목동점,면목7동,20120106,
233,홈플러스 신내점,신내2동,20060828,
234,홈플러스(주)면목점,면목동,20061026,
235,주식회사 이마트 상봉점,망우동,20000503,
236,주식회사 이마트 묵동점,묵1동,20100721,
237,홈플러스(주) 서울 상봉점,상봉1동,20101229,
238,코스트코홀세일 상봉점,상봉동,20010418,
239,롯데쇼핑(주)롯데슈퍼 상봉점,상봉2동,20111007,20210331
240,신세계 이마트 묵동점,묵1동,20100721,
241,동소문스카이상가,돈암동,20190524,
242,길음시장,길음동,20190613,
243,홈플러스익스프레스 보문점,보문동7가,20120521,
244,홈플러스익스프레스 길음점,길음동,20120521,
245,석관황금시장,석관동,20120806,
246,동소문스카이상가,돈암동,20121016,
247,이마트 미아점,길음동,20080529,
248,이마트 하월곡점,하월곡동,20120224,
249,보문시장,보문동4가,19611204,
250,미아시장,하월곡동,19990225,
251,석관시장,석관동,19990121,
252,새석관시장,석관동,19710522,
253,번동시장,장위동,19720930,
254,길음시장,길음동,19880811,
255,동소문스카이프라자,돈암동,19951116,
256,현대백화점 미아점,길음동,20010811,
257,길음시장,길음동,20030210,
258,신세계이마트미아점,길음동,20080529,
259,이마트 미아점,길음동,20040922,
260,종암우림카이저팰리스주상복합,종암동,20081027,
261,이마트 미아점,길음동,20100428,
262,홈플러스 월곡점,월곡2동,20100519,
263,이마트 하월곡점,길음2동,20100630,
264,GS슈퍼마켓 돈암점,돈암2동,20110902,
265,GS슈퍼마켓 길음뉴타운점,길음1동,20120412,
266,GS수퍼마켓 길음점,길음1동,20120412,
267,롯데슈퍼하월곡점,월곡1동,20120420,
268,유타쇼핑몰,동선동1가,20120425,
269,홈플러스익스프레스 삼선점,삼선동1가,20120514,
270,돈암시장,동소문동5가,20090907,
271,장위전통시장상인회,장위동,20140117,
272,코코마트,장위동,19980522,
273,코코마트,장위동,19940429,
274,신세계백화점 미아점,길음동,19880514,
275,길음시장,길음동,20030210,
276,롯데마이슈퍼 길음점,길음동,20120521,20220223
277,장석시장,장위동,19680814,20080422
278,종암시장,종암동,19611224,20081006
279,돈암시장,삼선동5가,19991207,20080107
280,롯데마이슈퍼 동소문점,동소문동5가,20170427,20220223
281,수유시장,수유동,19661219,
282,수유중앙시장,수유동,19711118,
283,동북프라자,미아동,19750211,
284,북부시장,번1동,19710719,
285,동북시장,미아동,19750211,
286,연이스퀘어,미아동,20141224,
287,수유프라자,수유동,19980625,
288,수유프라자,수유동,20031209,
289,숭인시장,미아동,20030425,
290,강북종합시장,수유동,20070713,
291,수유북부시장,수유동,20080710,
292,트레지오,송중동,20090910,
293,강북종합시장,수유3동,20110103,
294,강북 북부시장,번1동,20110124,
295,(주)지에스리테일GS수퍼 강북미아점,미아동,20110823,
296,(주)이마트에브리데이 미아동점,미아동,20111202,
297,수유프라자,수유동,19981012,
298,성북프라자,송천동,20090922,20141222
299,(주)지에스리테일번동점,번2동,20110823,20161130
300,롯데쇼핑(주)롯데슈퍼수유점,수유1동,20110916,20220115
301,롯데쇼핑(주)롯데슈퍼삼양점,삼각산동,20110916,20200704
302,금강아미움쇼핑센터,쌍문동,20190328,
303,(주)이마트에브리데이 창동점,창동,20120326,
304,롯데백화점 미아점,미아동,20061214,
305,신동아프라자,방학동,19890804,
306,도봉한신쇼핑상가,도봉동,20030203,
307,대우상가,창동,19951129,
308,도봉한양프라자,도봉동,20101130,
309,GS THE FRESH 방학신동아점,방학동,20210302,
310,(주)에브리데이리테일 창동점,창2동,20120105,
311,개봉중앙시장,개봉동,19760806,
312,홈플러스(주)방학점,방학동,20030625,
313,삼익쇼핑,창동,20060904,
314,(주) 이마트 창동점,창동,20100402,
315,모래내시장(주),남가좌동,19871024,
316,(주)에브리데이리테일 창동점,창2동,20110926,
317,그랜드백화점(주)마트화곡점,화곡동,20040503,
318,롯데슈퍼 쌍문4동 가맹점,쌍문동,20120326,20191111
319,롯데쇼핑(주)VIC마켓도봉점,방학동,20020620,20201130
320,(주)이마트에브리데이 상계역점,중계동,20220318,
321,홈플러스(주)익스프레스 공릉점,공릉동,20120326,
322,(주)지에스리테일 GS슈퍼 노원월계점,월계3동,20111229,
323,(주)이마트에브리데이 공릉동점,공릉2동,20111229,
324,세이브존,하계동,20070806,
325,홈플러스(주) 중계점,중계동,20011207,
326,오피앙,상계동,20040226,
327,이마트타운 월계점,월계동,20040906,
328,롯데마트 중계점,중계동,20041213,
329,와우패션클럽,상계동,20051202,
330,건영옴니백화점,중계동,20070419,
331,노원아이파크 상가,상계동,20100709,
332,(주)지에스리테일 GS수퍼상계점,상계동,20110621,
333,유경데파트,중계동,19960918,
334,홈플러스(주)익스프레스 중계점,중계동,20040601,
335,롯데백화점 상계점,상계동,19991229,
336,세이브존,하계동,20021114,
337,신세계 이마트 월계덤,월계동,20050329,
338,신세계 이마트 월계점,월계동,20050329,
339,세이브존,하계동,20050527,
340,상계중앙시장,상계동,19721207,
341,(주)지에스리테일  공릉점,공릉동,20040102,20160331
342,(주)지에스리테일 GS수퍼상계중앙점,상계2동,20110621,20110719
343,수일시장,수색동,19600216,
344,팜스퀘어,대조동,20050901,
345,대림시장,응암동,20071221,
346,개봉제일시장,개봉동,19761228,
347,연서시장,불광동,19750304,
348,롯데쇼핑(주)롯데슈퍼범서점,불광1동,20110916,
349,응암시장,응암동,19700912,
350,대호프라자상가,불광동,19701224,
351,불광미성상가,불광동,19881123,
352,홈플러스(주)익스프레스 신사점,신사1동,20120206,
353,홈플러스 익스프레스 갈현점,갈현2동,20120323,
354,범서쇼핑,불광동,19910418,
355,현대화유통기업(주),구산동,19840806,
356,(주)미소종합유통,진관내동,19950920,
357,서부종합시장,역촌동,19710923,20091026
358,(주)이마트 수색점,수색동,20090928,
359,(주)이마트 은평점,응암동,20011031,
360,홈플러스(주)익스프레스구산점,구산동,20110725,
361,홈플러스(주)익스프레스응암점,응암3동,20110811,
362,홈플러스(주)익스프레스 불광점,불광1동,20111219,
363,증산시장,증산동,20030722,
364,대림시장,응암동,19790605,
365,신세계이마트 은평점,응암동,20011101,
366,신세계이마트 은평점,응암동,20011101,
367,"불광시장(법인, 대표자, 관리자변경)",대조동,20050715,
368,갈현시장,갈현동,19650531,20180417
369,(주)이마트 에브리데이 불광동점,불광1동,20110920,20121004
370,롯데쇼핑(주)롯데슈퍼갈현점,갈현2동,20110916,20170630
371,롯데쇼핑(주)롯데슈퍼연신내점,갈현1동,20110916,20160928
372,홈플러스(주) 익스프레스 역촌점,역촌동,20120321,20210121
373,대조시장,대조동,19630527,
374,불광시장(주),대조동,19700123,
375,롯데몰 은평,진관동,20160427,
376,서부종합시장,역촌동,20091105,
377,현대백화점 신촌점,창천동,19921119,
378,신촌 밀리오레,신촌동,20060919,
379,예스에이피엠,대현동,20070809,
380,연희슈퍼마켓,연희동,19990429,
381,삼성테스코(주)홈플러스강서점,등촌동,20060210,
382,GS THE FRESH 신촌숲아이파크점,신수동,20190724,
383,이마트에브리데이 홍은점,홍은동,20210729,
384,GS THE FRESH 남가좌디엠씨점,남가좌동,20210716,
385,롯데슈퍼 유진점(X),홍제동,20180412,
386,홈플러스(주) 익스프레스 북가좌점,북가좌동,20130616,
387,GS THE FRESH 마포염리점,염리동,20210422,
388,홈플러스익스프레스 연남점,연남동,20120417,
389,스타피카소 아울렛,동교동,20080331,
390,마포시장,공덕동,19770715,
391,진솔물산,역삼동,19970630,
392,롯데슈퍼 마포점,구수동,2012-03-22,
393,AK PLAZA 홍대,동교동,2018-08-14,
394,(주)이마트 마포점,공덕동,20101223,
395,(주)이마트 마포점,신공덕동,20101223,
396,홈플러스 합정점,서교동,20110106,
397,동진시장,연남동,19740605,
398,홈플러스(주)월드컵점,성산동,20030521,
399,공덕시장,공덕동,19740414,
400,합정시장,합정동,19700729,
401,정도진흥기업(주),노고산동,19940510,
402,성산시장,망원2동,19740528,
403,영진시장,서교동,19720622,
404,신수시장,신수동,19720913,
405,성산프라자(마포영화블렌하임),망원2동,20091112,
406,YZ Park 홍대점,동교동,20110729,
407,홈플러스익스프레스 도화점,도화동,20111212,
408,서교시장,서교동,19720719,
409,마포농수산물시장,성산동,19980718,
410,마포종합시장(서강한화오벨리스크),창전동,20070507,
411,마포농수산물시장,성산동,20050224,
412,마포트라팰리스 아케이드,도화동,20060516,20151118
413,염리시장,염리동,19760116,20151228
414,신촌상가,노고산동,19710520,20190215
415,홈플러스익스프레스 망원점,서교동,20111213,20140107
416,신교시장,서교동,20051007,20150416
417,홍대복합역사 상업시설,동교동,20180813,
418,롯데프레시 신정점,신정동,20120523,
419,(주)이마트 신월점,신월5동,20120531,
420,홈플러스(주)익스프레스 신정점,신정3동,20110630,
421,(주)이마트에브리데이 목동점,목5동,20120531,
422,목동시장아울렛,목동,19810923,
423,우성상가시장,신월동,19880919,
424,현대백화점목동점,목동,20020809,
425,행복한백화점,목동,20040604,
426,신정동세양청마루2차상가,신정동,20081016,
427,홈플러스(주)목동점,목동,20081103,
428,(주)지에스리테일 신정2점,신정동,20110915,
429,홈플러스(주)익스프레스 목동2점,목3동,20110915,
430,홈플러스(주)익스프레스 신정3점,신정7동,20120410,
431,신한이모르젠상가,목3동,19760616,
432,목2동시장상인회,목2동,20070129,
433,목4동시장상인회,목4동,20050504,
434,경창시장상인회,신월2동,20050504,
435,목3동시장상인회,목3동,20060906,
436,신영시장상인회,신월1동,20060607,
437,(주)이마트 목동점,목1동,20110520,
438,신세계이마트(공항점),과해동,20030123,
439,목동에버하임,목동,20200526,
440,(주)이마트에브리데이 목동역점,신정동,20210826,
441,신한이모르젠상가,목동,20060328,
442,롯데쇼핑(주)롯데슈퍼 신목동점,신정1동,20120523,20131014
443,롯데쇼핑(주)롯데슈퍼목동점,신정4동,20110915,20200930
444,롯데쇼핑(주)롯데슈퍼신정점,신정4동,20110915,20141130
445,(주)이랜드리테일,목동,20061101,20081031
446,신세계 이마트 목동점,목1동,20090323,20110519
447,(주)신세계이마트 목동점,목1동,20100405,20110519
448,목동에버하임,목동,20200529,
449,노브랜드 강서가양점,가양동,20170330,
450,이마트에브리데이 마곡점,마곡동,20170617,
451,롯데쇼핑㈜ 마켓999 양천향교역가맹점,마곡동,20170814,
452,㈜이마트에브리데이 양천향교역점,가양동,20171011,
453,노브랜드 강서마곡점,마곡동,20180730,
454,롯데쇼핑(주)롯데슈퍼화곡3동점,화곡3동,20111005,
455,(주)공항시장,방화동,20040219,
456,홈플러스(주) 익스프레스 화곡점,화곡3동,20110701,
457,(주)공항시장,방화동,19700820,
458,홈플러스(주) 강서점,등촌동,20050826,
459,(주)이마트 가양점,가양동,19991228,20220927
460,삼정프라자,방화동,20050907,
461,강서 뉴타워,화곡1동,20130617,
462,(주)지에스리테일 염창점,염창동,20150323,
463,홈플러스(주) 가양점,가양동,20081031,
464,송화시장,내발산동,20090305,
465,스페이스프라자,염창동,20060519,
466,홈플러스익스프레스 화곡2점,화곡동,20120410,
467,화곡중앙시장,화곡동,19871030,20221004
468,방신종합시장 재건축조합,방화동,20020801,
469,(주)이랜드리테일홈에버가양점,가양동,20001006,
470,롯데쇼핑(주)롯데슈퍼 염창2점,염창동,20120329,20211112
471,GS수퍼마켓 강서방화점,방화2동,20110819,20120727
472,롯데쇼핑(주)롯데슈퍼 염창점,염창동,20120329,20140822
473,그랜드백화점(주)마트강서점,등촌동,19991216,20120201
474,테크노스카이시티,방화동,20030403,20160401
475,대지종합유통물류시장,등촌동,20021025,20180201
476,(주)이마트 공항점,과해동,20030123,20141016
477,아름다운아울렛,등촌동,20100415,20181226
478,개봉프라자,고척동,19930527,
479,라이프공구종합상가,구로동,19940330,
480,고척시장,고척동,19711019,
481,배영설비(주),구로동,19720121,
482,고척산업용품상가,고척동,19861101,
483,사모아종합상가,구로동,19890320,
484,서울구로기계공구상가,구로동,19960627,
485,공구상가일번지,구로동,19980114,
486,일이삼전자타운,고척동,19981126,
487,삼익쇼핑센타,오류동,19861210,
488,중앙유통단지,구로동,19980512,
489,홈플러스(주) 신도림점,신도림동,20070813,
490,서울구로기계공구상가,구로동,19960627,
491,라이프공구상가,구로동,19940330,
492,고척산업용품상가,고척동,19861101,
493,개봉프라자,고척동,19930527,
494,고척스카이프라자,고척동,19711019,
495,개봉제일시장,개봉동,19761228,
496,(주) 이마트 신도림점,구로동,20070927,
497,나인스에비뉴,구로동,20071108,
498,사모아종합상가,구로동,19890320,
499,신도림 테크노마트,구로동,20071119,
500,가야쇼핑,신림동,19751226,
501,(주)이마트 구로점,구로동,19990727,
502,홈플러스 익스프레스 개봉점,개봉1동,20120420,
503,홈플러스 익스프레스 서울구로점,구로1동,20120620,
504,구로시장,구로동,19620925,
505,오류시장,오류동,19681023,
506,주식회사 현대백화점 디큐브시티,신도림동,20110810,
507,(주)이마트에브리데이 개봉동점,개봉동,20110919,
508,홈플러스 익스프레스 서울오류점,오류2동,20120420,
509,동국종합상가,고척동,19930115,
510,공구상가일번지,구로동,19980114,
511,일이삼전자타운,고척동,19981126,
512,애경백화점,구로동,19930830,
513,동국종합상가,고척동,19930107,
514,롯데마트 구로점,구로동,20050601,
515,롯데마트 구로점,구로동,20050601,
516,비엔큐홈(구로점),구로동,20050601,
517,일이삼전자타운,고척동,20051115,
518,삼익쇼핑센터,오류동,19861210,
519,중앙유통단지,구로동,19980512,
520,(주)신세계이마트구로점,구로동,20050331,
521,(주)신세계이마트구로점,구로동,20050331,
522,이천일아울렛구로점,고척동,20051118,
523,롯데쇼핑(주) 롯데마트 구로점,구로동,20070828,20201227
524,롯데쇼핑(주) TRU구로점,구로동,20071119,20120502
525,AK PLAZA,구로동,19930830,20191014
526,고척아이파크쇼핑센터,고척동,20220318,
527,이마트구로점,구로동,19990727,
528,롯데캐슬 골드파크 4차 마르쉐도르 960,독산동,20190410,
529,럭키남서울상가,시흥동,19820114,
530,시흥중앙철재상가,시흥동,19870331,
531,시흥산업용재유통센타,시흥동,19870626,
532,유창상가,독산동,19940314,
533,대명합동시장,시흥동,19771210,
534,홈플러스(주) 금천점,독산동,20031002,
535,롯데쇼핑(주) 아울렛 가산점,가산동,20151229,
536,롯데캐슬 골드파크 2차 마르쉐도르,독산동,20171205,
537,시티렉스,독산동,20041002,
538,푸른터시장,독산동,20070719,
539,시흥산업용재유통센터,시흥동,20170407,
540,홈플러스 시흥점,시흥동,20081024,
541,(주)이랜드리테일 홈에버 시흥점,시흥동,20020618,
542,남문시장,독산동,20050826,
543,현대시장,시흥동,20070501,
544,박미종합시장,시흥동,19800913,20170630
545,플라자 카멜리아,시흥동,20021024,20121123
546,롯데쇼핑(주)롯데슈퍼독산점,독산1동,20110928,20210216
547,(주)원신더블유몰,가산동,20070208,
548,현대아울렛,가산동,20130319,
549,롯데쇼핑(주)롯데슈퍼 시흥점,시흥5동,20120507,20161226
550,시흥중앙시장,시흥동,19730912,
551,삼성테스코(주)홈플러스 금천점,독산동,20031002,
552,삼성테스코(주)홈플러스 금천점,독산동,20031017,
553,홈플러스(주) 영등포점,문래동3가,20011203,
554,로데오 왁,문래동3가,20030331,
555,코스트코 홀세일,양평동3가,20051111,
556,영신상가,영등포동5가,20070322,
557,코스트코홀세일,양평동3가,19941007,
558,영등포지하상가,영등포동5가,19970916,
559,한화스토아여의점,여의도동,19750609,
560,홍익상가,당산동3가,19871127,
561,도림시장,도림동,19691231,
562,양남시장,양평동1가,19680220,
563,신동시장,신길동,19730630,
564,대신시장,신길동,19650528,
565,대림시장,대림동,19700527,
566,두암종합시장,대림동,19840823,
567,영등포농축수산물쎈타,당산동1가,19961203,
568,영등포역앞지하상가,영등포동5가,19800409,
569,영등포로타리지하상가,영등포동5가,19830909,
570,동남시장,영등포동5가,19710809,
571,영일시장,문래동3가,19740515,
572,룩스쇼핑센터,문래동3가,20080424,
573,신세계 이마트 여의도점,여의도동,20080507,
574,타임스퀘어,영등포동4가,19940826,
575,아이에프씨몰(IFC Mall),여의도동,20120613,
576,두암상가,대림동,20130902,
577,썬프라자,대림1동,19820422,
578,홈플러스(주) 익스프레스 도림점,도림동,20110630,
579,홈플러스(주) 익스프레스 신길3점,신길3동,20111002,
580,홈플러스(주) 익스프레스 신길2점,신길동,20111002,
581,THE HYUNDAI SEOUL,여의도동,20200102,
582,영등포 중흥 에스클래스,양평동1가,20201012,
583,63씨티,여의도동,19850727,
584,(주)LG,여의도동,19870423,
585,메트하임,신길동,20180614,20200320
586,코레일유통주식회사,당산동3가,19821020,20090825
587,롯데슈퍼 대림점,대림3동,2011-11-22,
588,(주)사러가,신길동,19650621,20190304
589,(주)신영사러가,신길동,19671226,20190304
590,영등포기계상가,양평동1가,19890202,20200924
591,롯데슈퍼 썬프라자점,대림1동,20111122,20201014
592,홈플러스(주) 익스프레스 양평점,양평동2가,20111002,20140508
593,영등포 점프밀라노,영등포동3가,20051201,
594,대림쇼핑타운,대방동,19931130,
595,해가든프라자,흑석동,20110713,
596,홈플러스(주) 익스프레스 상도점,상도4동,20110714,
597,홈플러스(주) 익스프레스 남성점,사당3동,20110826,
598,성대종합시장,상도동,19791218,
599,(주)이마트에브리데이 대방동점,대방동,20111004,
600,(주)이마트 이수점,사당동,20111004,
601,(주)이마트에브리데이 상도동점,상도동,20111004,
602,(주)이마트에브리데이 사당동점,사당동,20120131,
603,(주)홈플러스 대방점,대방동,20120327,
604,홈플러스 익스프레스 상도2점,상도2동,20120424,
605,홈플러스 익스프레스 상도3점,상도동,20120424,
606,(주)지에스리테일 상도 엠코타운점,상도동,20140905,
607,신대방우성상가,신대방동,19891201,
608,서울노량진종합시장,노량진동,20041218,
609,서울노량진종합시장,노량진동,20050119,
610,태평백화점,사당동,19951020,
611,롯데쇼핑(주) 롯데슈퍼 상도3동점,상도동,20111004,20181025
612,(주)지에스리테일 GS수퍼 사당점,사당동,20120406,20220128
613,롯데쇼핑(주)롯데슈퍼 사당점,사당1동,20120413,20150630
614,(주) GS리테일 GS수퍼 사당태평점,사당동,20180827,20220128
615,일성트루엘상가,대학동,20140123,
616,관악쇼핑,봉천동,20150709,
617,원당종합시장,봉천동,19800828,
618,홈플러스 익스프레스 봉천점,중앙동,20111019,
619,(주)이마트에브리데이 봉천동점,은천동,20111026,
620,(주)천성세이브마트,미성동,19991207,
621,홈플러스 서울남현점,남현동,20130627,
622,타임스트림,서원동,20090204,
623,(주)지에스리테일 관악점,봉천동,20110810,
624,(주)지에스리테일 낙성대점,봉천동,20110901,
625,봉일시장,봉천동,19701203,
626,봉일시장,봉천동,19711222,
627,봉천현대시장,봉천동,19720129,
628,관악프라자,봉천동,19881023,
629,관악현대상가,봉천동,19920826,
630,신림현대종합상가,신림동,19930701,
631,르네상스쇼핑몰(주),신림동,20040922,
632,라붐아울렛,봉천동,20060825,
633,르네상스쇼핑몰(주),신림동,20050215,
634,르네상스쇼핑몰(주),신림동,20050215,
635,관악종합시장,신림동,20051129,
636,홈플러스 익스프레스 신림점,대학동,20111102,20200305
637,롯데쇼핑(주)롯데슈퍼 남현2점,남현동,20120521,20160926
638,롯데쇼핑(주)롯데슈퍼 방배점,방배본동,20120518,
639,엘루체,반포동,20070720,
640,무지개쇼핑,서초2동,19800802,
641,무지개종합상가,서초동,19790216,
642,터미널상가,반포동,19820408,
643,(주)이마트 양재점,양재동,20050330,
644,홈플러스(주) 익스프레스 서울논현역점,반포1동,20160129,20190817
645,매일종합상가,잠원동,20110802,20201104
646,홈플러스익스프레스 방배점,방배동,20140929,20190430
647,삐에로쇼핑 강남논현점,논현동,20180803,
648,(주)재능스스로마트,도곡동,19970902,20121220
649,홈플러스익스프레스 도곡2점,도곡동,20091109,
650,신사상가,압구정동,19760807,
651,청담삼익시장,청담동,19800519,
652,그랑프리,대치동,19850206,
653,청실종합상가,대치동,19790416,
654,대치종합상가,대치동,19840525,
655,대치1단지상가,개포동,19940615,
656,대치2단지상가,개포동,19940615,
657,파르나스몰(PARNAS MALL),삼성1동,19881019,
658,코엑스 호텔아케이드,삼성동,20000501,
659,코엑스 몰,삼성동,20000503,
660,금강상가,압구정1동,20030128,
661,남서울종합시장,대치동,19880513,
662,(주)이마트 역삼점,역삼동,20061024,
663,논현웰스톤상가,논현2동,20090930,
664,아카데미프라자,도곡2동,20050829,
665,삼성동 신도브래뉴 주상복합 상가,삼성2동,20101230,
666,SSG Food Market 백화점,청담동,20110412,
667,영동전통시장,논현1동,20110623,
668,역삼서해더블루,역삼1동,20131204,20220819
669,(주)지에스리테일 GS슈퍼 강남 논현점,논현동,20140916,
670,한보종합상가,대치동,19840208,
671,한솔필리아,역삼동,19961115,
672,강남시장,신사동,19741110,
673,논현종합시장,논현동,19790117,
674,두산아케이드,논현동,19870202,
675,수서1-2단지상가,일원동,19940615,
676,(주)현대백화점 본점,압구정동,19851130,
677,현대백화점 무역센터점,삼성동,19881010,
678,홈플러스 익스프레스 압구정점,신사동,20120726,
679,금강상가,압구정동,19790410,
680,(주)신세계마트 이마트 역삼점,역삼동,19990714,
681,(주)현대백화점 동호스토아,압구정동,20030418,
682,남서울종합상가,대치동,20030128,
683,(주)금강개발산업,압구정동,19840307,
684,청담제일시장,청담동,19780526,20140324
685,삼성종합시장,삼성동,19831011,20101230
686,역삼시장,역삼동,19810414,20130220
687,역삼시장,역삼동,19741227,20130220
688,수서종합상가,수서동,19921226,20210513
689,서울상록회관,역삼동,19911230,20100210
690,(주)신세계마트 이마트 역삼점,역삼동,20061018,20190831
691,SSG Food Market 백화점,청담동,20110412,20190831
692,영동시장,논현동,19730801,20130214
693,미씨-860,개포동,19970524,20090922
694,일원마트,일원동,19940615,
695,더 샵스 앳 센터필드 (THE SHOPS AT CENTERFIELD),역삼동,20210319,
696,롯데하이마트 월드타워점,신천동,20140718,
697,롯데월드몰,신천동,20140717,
698,가든파이브 툴,문정동,20090511,
699,마천시장,마천동,19731214,
700,프리마 쇼핑센타,잠실동,19820129,
701,홈플러스(주)익스프레스 잠실점,잠실4동,20110905,
702,엄마손상가,석촌동,19830716,
703,가든파이브 라이프,문정동,20090511,
704,송파쇼핑센타,마천동,19980317,
705,잠실중앙상가,잠실동,19780328,
706,올림픽파크동부센트레빌 상가,오금동,20090630,
707,쌍용프라자 상가,가락2동,19970218,
708,한화 송파지점,송파1동,19840208,
709,홈플러스(주)잠실점,신천동,20070709,
710,롯데하이마트잠실점,잠실3동,20130619,
711,올림픽프라자상가,방이동,19890607,
712,갤러리아팰리스 아케이드,잠실동,20050224,
713,홈플러스(주)익스프레스 거여점,거여2동,20111202,
714,롯데쇼핑(주)롯데슈퍼석촌점,석촌동,20120405,
715,농협하나로마트방이역점,오금동,20120405,
716,(주)이마트에브리데이 가락동점,가락동,20120120,
717,홈플러스(주)익스프레스 풍납점,풍납동,20120330,
718,홈플러스 익스프레스 삼전역점,삼전동,20200129,
719,이마트에브리데이 송파점,가락동,20200724,
720,주-한화유통,신천동,19780307,
721,롯데면세점 월드타워점,신천동,20140717,20161130
722,석우종합시장,오금동,19800307,20090629
723,장미종합상가,신천동,19800614,20160322
724,주-화신유통,문정동,19880819,19880820
725,롯데쇼핑(주)롯데슈퍼거여점,거여2동,20100424,20160531
726,가락동포스코주상복합상가,가락동,19961105,20010712
727,갤러리아 잠실점,잠실동,19880614,20010526
728,홈플러스(주)익스프레스 삼전점,삼전동,20111102,20180529
729,(유)잠실중앙상가,잠실3동,20120321,20120321
730,롯데프레시송파가락가맹점,가락동,20200724,
731,지에스 더프레시(GS THE FRESH) 고덕그라시움점,고덕동,20190604,
732,파크프라자 상가,성내동,20040524,
733,(주)이마트천호점,천호동,20050331,
734,천호신시장,천호동,20050509,
735,이안강동주상복합상가,성내동,20060721,
736,강동한신휴플러스,길동,20070605,
737,홈플러스 강동점,천호동,20081107,
738,동서울오네뜨상가,길동,20100506,
739,(주)지에스리테일 명일점,명일1동,20110927,
740,현대백화점 천호점,천호동,19990412,
741,(주)이마트명일점,명일동,20021120,
742,주양쇼핑,명일동,19920502,
743,(주)지에스리테일 암사캐슬점,암사3동,20110927,
744,홈플러스(주) 익스프레스 암사점,암사1동,20110927,
745,홈플러스(주) 익스프레스 성내점,성내1동,20110927,
746,(주)이마트에브리데이 명일동점,명일2동,20110927,
747,홈플러스(주)익스프레스 길동점,길동,20111007,
748,동아코아,천호동,20050720,
749,천호신시장,천호동,20050112,
750,신세계이마트천호점,명일동,20050331,
751,천호신시장,천호동,20050509,
752,동서울시장,천호동,20050602,
753,(주)농협유통 하나로마트 성내점,성내1동,20111007,
754,동아코아,천호동,20050720,
755,동아코아,천호동,20050720,
756,동아코아,천호동,20050720,
757,동아코아,천호동,20050720,
758,천호시장,천호동,20050927,
759,이천일아울렛 천호점,천호동,20060525,
760,현대프라자,천호동,19900528,
761,킴스클럽,천호동,20000614,
762,이마트천호점,천호동,20010327,
763,(주)지에스리테일 둔촌점,둔촌1동,20110927,20171012
764,(주)지에스리테일 주양점,명일동,20110927,20170329
765,천호시장,천호동,19681023,20190201
766,현대프라자,천호동,19900528,20200514
767,둔촌종합상가,둔촌동,19820118,20180529
768,롯데쇼핑(주)롯데슈퍼둔촌점,둔촌1동,20111007,20140531
769,양지종합시장,암사3동,20070704,20131029
770,동서울시장,천호동,19701231,20190826
771,(주)지에스리테일 암사점,암사1동,20110927,20170319
772,롯데슈퍼암사가맹점,암사1동,20110927,20120322
773,(주)농협유통 하나로마트 둔촌점,둔촌동,20111007,20171107
774,롯데쇼핑㈜롯데슈퍼강동점,성내1동,20111007,20171213
775,삼성테드크(주)홈플러스강동점,천호동,20081107,
776,천호코오롱상가,천호동,19961212,
777,신세계 이마트 명일점,명일동,20021120,
778,양지종합시장,암사3동,19820527,
779,롯데백화점 에비뉴엘 월드타워점,신천동,20140717,
780,롯데쇼핑(주) 롯데마트 월드타워점,신천동,20140717,
781,롯데쇼핑(주)롯데슈퍼송파점,송파2동,20120405,
782,롯데쇼핑(주)롯데슈퍼풍납점,풍납2동,20120330,
783,롯데쇼핑(주)롯데슈퍼방이점,방이2동,20110905,
784,롯데쇼핑(주)롯데슈퍼신천점,잠실2동,20110829,
785,롯데쇼핑(주)롯데슈퍼잠실3동점,잠실3동,20110829,
786,롯데캐슬플라자,신천동,20051209,
787,롯데쇼핑(주)롯데마트 송파점,문정동,20000713,
788,롯데백화점 잠실점,잠실동,19881112,
789,롯데프레시 갈월점,남영동,20140731,
790,롯데쇼핑(주)롯데슈퍼 신동아점,용산동6가,20120320,20221011
791,롯데마트(주) 롯데마트 제타플렉스,잠실동,19980819,
792,롯데쇼핑(주)롯데슈퍼화곡점,화곡1동,20111005,
793,롯데쇼핑(주)롯데슈퍼개화산점,방화2동,20111004,
794,롯데몰 김포공항,방화2동,20110118,
795,(주) 이랜드리테일 강서점,등촌3동,20110919,
796,이천일아울렛 천호점,천호동,20060525,
797,신세계백화점메사점,회현동1가,20000821,
798,남평화상가(주),신당동,19790420,
799,롯데쇼핑(주) 롯데마켓 999 이문점,이문동,20120521,
800,롯데백화점 청량리역사점,전농1동,20100723,
801,뉴코아아울렛,잠원동,20120514,
802,뉴코아백화점,잠원동,20120514,
803,롯데쇼핑(주) 금천 독산점,독산동,20180430,
804,롯데쇼핑(주)롯데마트서울역점,봉래동2가,20040601,
805,롯데쇼핑(주) VIC 마켓 금천점,독산동,20020618,
806,롯데쇼핑(주) VIC마켓 영등포점,영등포동8가,20010925,
807,롯데쇼핑(주) 관악점,보라매동,19971107,
808,(주)신세계 타임스퀘어점,영등포동4가,19821215,
809,롯데마켓999 하월곡점,길음1동,20170427,
810,롯데마이슈퍼 장위점,장위동,20120521,
811,롯데마이슈퍼 정릉점,정릉3동,20120521,
812,롯데쇼핑(주) 롯데슈퍼 역촌점,역촌동,20120320,
813,롯데백화점 건대스타시티점,자양동,20080822,
814,롯데쇼핑(주)롯데마트 강변점,구의동,1998-03-23,
