서울/경기,시/군/구,동,번지,사업장명,영업상태,개업일자,폐업일자,X좌표값,Y좌표값
서울특별시,마포구,동교동,173-14,스타벅스 홍대동교점,영업,202303,203001,193414.6768,450675.0036
서울특별시,서초구,서초동,1623-1,스타벅스 서울교대점,영업,201007,203001,201279.4432,442806.7092
서울특별시,서초구,반포동,20-45,스타벅스 반포자이점,영업,202201,203001,200800.417,444989.8743
서울특별시,강남구,대치동,922-1,스타벅스 대치한티점,영업,202101,203001,204537.4607,444036.1667
서울특별시,강남구,대치동,599,스타벅스 대치재경빌딩B1,영업,202012,203001,205464.7204,443592.9735
서울특별시,강남구,대치동,993-1,스타벅스 대치삼성프라자점,영업,202009,203001,205840.185,444245.655
서울특별시,서초구,방배동,1022-5,스타벅스 방배로점,영업,201910,203001,199885.066,441910.0295
서울특별시,종로구,수송동,110,스타벅스 연합뉴스점,영업,201902,203001,198207.0,452455.8332
서울특별시,강남구,대치동,599,스타벅스 대치재경빌딩R,영업,201902,203001,205464.7204,443592.9735
서울특별시,종로구,평창동,182-11,스타벅스 종로평창동점,영업,201810,203001,197025.8499,455981.0128
서울특별시,서초구,방배동,907-1,스타벅스 방배다이치빌딩점,영업,201804,203001,199584.6665,442461.9578
서울특별시,서초구,서초동,1538-10,스타벅스 서초역이화빌딩점,영업,201803,203001,200728.018,442900.2741
서울특별시,강남구,삼성동,141-28,스타벅스 선릉동신빌딩R점,영업,201803,203001,204389.2637,444809.6501
서울특별시,서초구,반포동,19-3,스타벅스 센트럴F1점,영업,201803,203001,200250.4478,444683.2205
서울특별시,서초구,반포동,19-4,스타벅스 서울고속터미널점,영업,201703,203001,200554.744,444811.3648
서울특별시,강남구,대치동,941-19,스타벅스 대치은마사거리점,영업,201608,203001,205255.2667,444093.3688
서울특별시,서초구,서초동,1572-4,스타벅스 서초법원점,영업,201605,203001,200973.9574,443398.8267
서울특별시,강남구,대치동,960-5,스타벅스 대치사거리점,영업,201605,203001,205136.9346,444576.067
서울특별시,종로구,숭인동,310,스타벅스 동묘앞역점,영업,201604,203001,201350.4734,452279.7443
서울특별시,종로구,수송동,156,스타벅스 종로구청점,영업,201604,203001,198260.0632,452262.4846
서울특별시,서초구,방배동,777-11,스타벅스 방배카페거리,영업,201512,203001,198743.1328,443482.5886
서울특별시,서초구,방배동,812-2,스타벅스 방배점,영업,201512,203001,199099.266,443309.2397
서울특별시,종로구,계동,101-14,스타벅스 북촌로점,영업,201410,203001,198734.7836,453017.3864
서울특별시,종로구,청진동,19,스타벅스 종로수송점,영업,201409,203001,198225.363,452155.1216
서울특별시,서초구,반포동,118-3,스타벅스 파미에파크R점,영업,201407,203001,200514.003,444644.7712
서울특별시,종로구,삼청동,112,스타벅스 삼청동점,영업,201406,203001,198319.4076,453675.4071
서울특별시,서초구,서초동,1693-3,스타벅스커피 교대역점,영업,201404,203001,201166.5875,443558.8013
서울특별시,서초구,방배동,851-1,스타벅스 내방역점,영업,201403,203001,199266.3723,443089.1634
서울특별시,서초구,서초동,1464-22,스타벅스커피 서울아트센터점,영업,201403,203001,201023.3781,442054.4252
서울특별시,서초구,반포동,52-6,스타벅스커피 서초중앙로점,영업,201401,203001,200951.8767,444382.958
서울특별시,서초구,반포동,19-3,스타벅스 센트럴시티점,영업,201309,203001,200250.4478,444683.2205
서울특별시,종로구,관수동,3-5,스타벅스 종로관수점,영업,201212,203001,198930.0229,451940.7683
서울특별시,강남구,역삼동,697-45,스타벅스 선릉로점,영업,201211,203001,204061.415,444757.5319
서울특별시,서초구,서초동,1699-3,스타벅스커피 교대법원점,영업,201106,203001,201114.6618,443800.338
서울특별시,종로구,중학동,14,스타벅스 경복궁사거리점,영업,201104,203001,198176.1592,452574.6715
서울특별시,종로구,관철동,12-15,스타벅스 종로관철점,영업,201011,203001,198692.6279,451865.6943
서울특별시,종로구,종로3가,9-3,스타벅스 종로3가점,영업,201007,203001,199066.4682,452033.9927
서울특별시,서초구,서초동,1542-14,스타벅스 서초역점,영업,200903,203001,200692.6101,443164.7088
서울특별시,서초구,반포동,92-1,스타벅스 서래마을입구점,영업,200808,203001,199798.1944,444116.1676
서울특별시,서초구,서초동,1457-1,스타벅스 남부터미널2점,영업,200711,203001,201188.4012,442464.4743
서울특별시,강남구,대치동,994-10,스타벅스학여울역점,영업,200602,203001,205987.995,443983.0504
서울특별시,서초구,잠원동,58-24,스타벅스 반포역점,영업,200510,203001,201104.269,445266.6786
서울특별시,강남구,역삼동,708-6,스타벅스선릉역점,영업,200411,203001,204220.945,444637.798
서울특별시,서초구,방배동,908-10,스타벅스 방배역점,영업,200403,203001,199722.1617,442202.6141
서울특별시,서초구,서초동,1445-4,스타벅스 남부터미널점,영업,200402,203001,201430.9,442500.6304
서울특별시,서초구,서초동,1657-5,스타벅스 교대점,영업,200308,203001,201188.2459,443351.1208
서울특별시,강남구,대치동,988-17,스타벅스대치점,영업,200305,203001,205432.8994,444163.6021
서울특별시,서초구,잠원동,70-1,스타벅스 뉴코아강남점,영업,200112,203001,200538.8275,445335.6672
서울특별시,강남구,대치동,889-70,스타벅스 선릉 세화빌딩점,영업,200111,203001,204457.9654,444619.9308
서울특별시,서대문구,대신동,115,스타벅스 연대동문,영업,201111,203001,195188.2422,451572.5632
서울특별시,서대문구,창천동,33-9,스타벅스연대점,영업,201110,203001,194336.7271,450721.6418
서울특별시,서대문구,창천동,20-25,스타벅스 신촌아트레온점,영업,201106,203001,194649.344,450478.3522
서울특별시,서대문구,창천동,30-33,스타벅스 현대신촌점,영업,202102,203001,194265.0676,450433.691
서울특별시,서대문구,창천동,72-12,스타벅스 신촌역점,영업,201711,203001,194170.4082,450453.3605
서울특별시,서대문구,연희동,188-2,스타벅스 연희동점,영업,201702,203001,193795.6214,451616.2968
서울특별시,서대문구,신촌동,134,스타벅스커피 연세백양로점,영업,201510,203001,194584.9592,451381.5855
서울특별시,서대문구,연희동,87-7,스타벅스커피연희DT점,영업,201503,203001,194096.2291,451998.6006
서울특별시,서대문구,창천동,13-19,스타벅스 신촌명물거리점,영업,201011,203001,194463.7933,450617.148
서울특별시,서대문구,신촌동,134,스타벅스 연세종합관점,영업,200804,203001,194584.9592,451381.5855
서울특별시,서대문구,창천동,18-55,스타벅스 신촌점,영업,200201,203001,194375.0811,450469.8516
서울특별시,강동구,명일동,47-7,스타벅스 명일이마트점,영업,201404,203001,213715.028,450204.7403
서울특별시,강동구,천호동,453-14,스타벅스 천호로데오점,영업,201507,203001,211184.9085,448405.5485
서울특별시,마포구,노고산동,54-1,스타벅스커피 신촌오거리,영업,201605,203001,194160.0167,450323.8736
서울특별시,마포구,상수동,329-1,스타벅스커피(starbucks coffee)상수역점,영업,201506,203001,193144.6034,449475.0797
서울특별시,마포구,상수동,86-22,스타벅스홍대삼거리점,영업,201106,203001,193151.4158,449777.8753
서울특별시,마포구,창전동,130,스타벅스 서강광흥창역점,영업,201612,203001,193892.4029,449686.0294
서울특별시,강남구,역삼동,652-2,스타벅스 언주역점,영업,202211,203001,203160.1347,445064.0651
서울특별시,강서구,화곡동,1051-27,스타벅스 화곡역8번출구점,영업,202207,203001,185725.1614,448911.2648
서울특별시,중구,순화동,53,스타벅스 이마트타워점,영업,202304,203001,197503.1403,450941.0742
서울특별시,강서구,방화동,645-6,스타벅스 김포공항DT점,영업,202207,203001,182797.9967,451573.4457
서울특별시,동작구,흑석동,205-5,스타벅스중앙대점,영업,201610,203001,196227.8362,444972.8995
서울특별시,서대문구,북가좌동,309-16,스타벅스 북가좌DT점,영업,202201,203001,192114.5596,453146.8683
서울특별시,은평구,수색동,30-2,스타벅스 수색점,영업,202204,203001,191064.0196,453147.7077
서울특별시,도봉구,방학동,707-6,스타벅스 방학역점,영업,202204,203001,203783.2123,462550.4573
서울특별시,강남구,대치동,1024,스타벅스커피 한티역점,영업,201310,203001,204817.2461,443832.6351
서울특별시,서대문구,남가좌동,389,스타벅스 남가좌사거리점,영업,202006,203001,192777.1997,452775.827
서울특별시,강남구,신사동,592,스타벅스 압구정윤성빌딩점,영업,202005,203001,202456.485,446733.385
서울특별시,동작구,상도동,475-5,스타벅스커피숭실대입구역점,영업,201512,203001,195749.7708,443853.802
서울특별시,서대문구,남가좌동,385,스타벅스 가재울뉴타운점,영업,201906,203001,192672.0675,452221.9607
서울특별시,강서구,내발산동,719-6,스타벅스 우장산역점,영업,201806,203001,185431.0666,449714.8138
서울특별시,강남구,삼성동,114-9,스타벅스 봉은사로 선정릉점,영업,201802,203001,204212.7677,445457.6694
서울특별시,마포구,아현동,618-19,스타벅스마포경찰서후문,영업,201801,203001,195829.9552,449860.5754
서울특별시,마포구,동교동,166-1,스타벅스 홍대공항철도역점,영업,201710,203001,193316.9003,450586.8651
서울특별시,강남구,신사동,533-11,스타벅스 신사가로수점,영업,201612,203001,201918.7048,446631.3502
서울특별시,마포구,염리동,168-9,스타벅스커피 마포염리,영업,201610,203001,195292.9726,449083.0603
서울특별시,강남구,신사동,609,스타벅스 압구정점,영업,201606,203001,202541.8101,447121.0253
서울특별시,마포구,서교동,374-20,스타벅스커피 서교동사거리,영업,201601,203001,192733.3762,450133.22
서울특별시,강남구,논현동,59-8,스타벅스 을지병원사거리점,영업,201504,203001,202468.1651,446326.897
서울특별시,종로구,종로1가,1,스타벅스 광화문교보문고점,영업,202208,203001,197993.9046,452032.9586
서울특별시,강남구,신사동,529-10,스타벅스 가로수길점,영업,201310,203001,201842.0217,446774.2874
서울특별시,마포구,신공덕동,69-2,스타벅스마포이마트,영업,201201,203001,,
서울특별시,강남구,대치동,942-5,스타벅스포스코점,영업,201007,203001,205053.8257,444843.0261
서울특별시,강남구,역삼동,681-0,스타벅스 아크로힐스 논현,영업,200912,203001,203502.7507,445197.6166
서울특별시,금천구,가산동,60-8,스타벅스 가산현대아울렛점,영업,202205,203001,190119.4634,441716.6846
서울특별시,중랑구,망우동,618,스타벅스 양원역점,영업,202208,203001,209310.6071,456035.3879
서울특별시,노원구,상계동,730-4,스타벅스 노원상계점,영업,202210,203001,205308.9238,461020.6648
서울특별시,마포구,상암동,1623,스타벅스 디지털미디어시티역점,영업,202205,203001,190976.7202,452652.6863
서울특별시,용산구,청파동2가,53-12,스타벅스 숙명여대정문점,영업,202208,203001,196831.4618,449320.3704
서울특별시,강서구,마곡동,759-2,스타벅스 마곡웰튼점,영업,202203,203001,184496.438,451677.5754
서울특별시,광진구,자양동,855,스타벅스 뚝섬유원지역,영업,202203,203001,205945.9882,447862.352
서울특별시,강서구,등촌동,689,스타벅스 강서NC점,영업,202109,203001,185824.4285,450866.2521
서울특별시,광진구,자양동,227-342,스타벅스 건국클래식점,영업,201206,203001,206217.4347,448506.2187
서울특별시,강남구,개포동,167-9,스타벅스 개포동점,영업,202304,203001,205300.8438,442296.3188
서울특별시,종로구,세종로,185-2,스타벅스 광화문점,영업,200202,203001,197837.6676,452107.2874
서울특별시,종로구,연건동,128-8,스타벅스 대학로점,영업,201301,203001,200059.3575,452693.7243
서울특별시,도봉구,창동,135-26,스타벅스 창동이마트점,영업,201906,203001,204107.0903,461072.6424
서울특별시,강서구,마곡동,798-3,스타벅스 마곡역점,영업,202003,203001,184572.4139,450792.4818
서울특별시,용산구,이태원동,658,스타벅스 경리단길점,영업,202206,203001,198806.8397,448482.5246
서울특별시,송파구,거여동,21-8,스타벅스 송파거여역점,영업,202206,203001,212638.4044,443502.4681
서울특별시,강서구,마곡동,759-3,스타벅스 마곡나루역점,영업,201709,203001,184555.6892,451767.8335
서울특별시,강서구,마곡동,773-2,스타벅스 마곡GMG점,영업,201704,203001,184824.2758,450916.7579
서울특별시,강남구,역삼동,747-21,스타벅스 구역삼사거리점,영업,200805,203001,203367.6909,443747.4596
서울특별시,용산구,한강로3가,40-999,스타벅스용산아이파크몰점,영업,200410,203001,196762.0774,447480.0396
서울특별시,강남구,도곡동,467-17,스타벅스SSG마켓도곡R,영업,200301,203001,204749.3045,443058.1947
서울특별시,강남구,역삼동,826-26,스타벅스 강남비젼타워점,영업,201203,203001,202550.9219,443816.8734
서울특별시,종로구,동숭동,30,스타벅스 동숭로아트점,영업,201109,203001,200275.4418,453409.1606
서울특별시,동작구,사당동,1031-27,스타벅스 사당역점,영업,200912,203001,198280.6647,441811.9827
서울특별시,강남구,역삼동,736-1,스타벅스아크플레이스,영업,200604,203001,203016.1838,444168.206
서울특별시,성북구,안암동5가,126-1,스타벅스 고대안암병원점,영업,202207,203001,202313.8508,453871.2647
서울특별시,구로구,구로동,81-3,스타벅스 구로구청점,영업,202206,203001,189925.8462,443503.1819
서울특별시,영등포구,여의도동,17-3,스타벅스국회의사당역점,영업,201610,203001,192585.6934,447295.1942
서울특별시,영등포구,여의도동,12,스타벅스여의도공원R,영업,201612,203001,193293.252,447448.3429
서울특별시,영등포구,여의도동,23-6,스타벅스여의도역R,영업,201602,203001,193165.4901,446797.3414
서울특별시,영등포구,여의도동,43-4,스타벅스커피 동여의도점,영업,201501,203001,193896.2821,446442.5714
서울특별시,마포구,합정동,473,스타벅스 합정푸르지오점,영업,202206,203001,192142.2714,449868.9646
서울특별시,마포구,아현동,330-5,스타벅스 아현역대로점,영업,202205,203001,195939.5038,450525.5454
서울특별시,강남구,수서동,724,스타벅스 수서역사거리점,영업,202109,203001,209052.0725,442797.1382
서울특별시,강동구,성내동,448-8,스타벅스 올림픽공원북2문점,영업,202107,203001,211309.3565,446899.8128
서울특별시,동대문구,전농동,591-53,스타벅스 청량리역사점,영업,202104,203001,204081.2821,453187.3952
서울특별시,강남구,세곡동,551,스타벅스 강남세곡점,영업,202104,203001,208771.13,440573.375
서울특별시,송파구,방이동,44-3,스타벅스 몽촌토성역점,영업,202007,203001,209929.5748,446085.1213
서울특별시,송파구,가락동,479,스타벅스 송파헬리오시티점,영업,202004,203001,,
서울특별시,강동구,성내동,550,스타벅스 강동구청DT점,영업,201906,203001,210872.7504,447441.9151
서울특별시,중구,을지로7가,143,스타벅스 동대문디자인플라자점,영업,202210,203001,200806.1803,451624.0926
서울특별시,중구,태평로1가,62-12,스타벅스 세종대로점,영업,202210,203001,197847.6597,451811.6308
서울특별시,강남구,역삼동,788-10,스타벅스도곡공원점,영업,201708,203001,203579.748,443435.1584
서울특별시,용산구,한강로2가,342,스타벅스신용산역점,영업,201708,203001,,
서울특별시,동대문구,회기동,60-40,스타벅스경희대삼거리점,영업,201705,203001,204524.9763,454361.7357
서울특별시,동대문구,답십리동,497-67,스타벅스답십리역점,영업,201704,203001,204447.6981,451803.5584
서울특별시,송파구,방이동,226-10,스타벅스 송파방이 DT점,영업,201609,203001,210591.6927,444928.2824
서울특별시,강동구,성내동,441-2,스타벅스 둔촌동점,영업,201603,203001,211769.2321,446732.6402
서울특별시,용산구,용산동2가,1-3,스타벅스서울타워점,영업,201602,203001,198994.0019,449630.9532
서울특별시,중구,충정로1가,68,스타벅스 문화일보점,영업,200206,203001,197164.2265,451647.6741
서울특별시,송파구,송파동,96-7,스타벅스 송파사거리점,영업,201507,203001,209689.1546,444455.0269
서울특별시,동대문구,신설동,76-10,스타벅스 신설동역,영업,201507,203001,202185.9385,452713.197
서울특별시,강남구,대치동,651,스타벅스커피 도곡역점,영업,201408,203001,205004.7797,443335.5182
서울특별시,성북구,동소문동2가,11,스타벅스삼선교점,영업,201401,203001,200571.6309,454038.3821
서울특별시,송파구,방이동,89-12,스타벅스 올림픽아파트점,영업,201302,203001,211708.2647,445907.5829
서울특별시,마포구,서교동,490,스타벅스합정메세나몰,영업,201208,203001,192311.6426,449855.6439
서울특별시,성북구,동선동1가,92-1,스타벅스 성신여대점,영업,201204,203001,201557.0137,454536.0132
서울특별시,강남구,역삼동,798-30,스타벅스 역삼럭키,영업,201201,203001,203413.9787,443341.6429
서울특별시,용산구,갈월동,69-5,스타벅스숙대입구역점,영업,201103,203001,197451.0447,449107.8815
서울특별시,동대문구,회기동,16-41,스타벅스 경희대점,영업,201009,203001,204595.4983,454513.1812
서울특별시,용산구,갈월동,90-8,스타벅스남영동,영업,201609,203001,197477.9826,448957.2477
서울특별시,용산구,한남동,657-104,스타벅스커피 순천향입구점,영업,201305,203001,200429.934,447913.1431
서울특별시,종로구,동숭동,1-115,스타벅스 마로니에공원점,영업,200912,203001,200137.1187,453249.5626
서울특별시,종로구,당주동,128-27,스타벅스 경희궁로점,영업,201907,203001,197484.9839,452162.3045
서울특별시,광진구,화양동,5-45,스타벅스건국대점,영업,201910,203001,206213.7053,448817.7952
서울특별시,종로구,적선동,156,스타벅스정부서울청사R,영업,201801,203001,197595.1613,452460.0546
서울특별시,종로구,교북동,126,스타벅스 독립문역,영업,201801,203001,196522.367,452140.273
서울특별시,종로구,인의동,48-2,스타벅스주얼리시티점,영업,200611,203001,199812.6096,452132.6483
서울특별시,종로구,종로2가,84-14,스타벅스 종각점,영업,200607,203001,198567.9474,451965.8381
서울특별시,종로구,사직동,9,스타벅스 스페이스본점,영업,200801,203001,197181.3933,452458.8267
서울특별시,종로구,적선동,66,스타벅스적선점,영업,200209,203001,197629.279,452546.6215
서울특별시,종로구,명륜3가,154-3,스타벅스성대입구점,영업,200805,203001,199782.5422,453412.7926
서울특별시,종로구,재동,109,스타벅스 안국점,영업,201406,203001,198662.7167,452786.9048
서울특별시,종로구,수송동,146-1,스타벅스 이마빌딩점,영업,201106,203001,198076.879,452402.1953
서울특별시,종로구,평동,108-1,스타벅스 강북삼성병원1층점,영업,202107,203001,197111.9696,451776.4437
서울특별시,중구,남산동3가,13-31,스타벅스 명동남산,영업,202010,203001,198735.0683,450940.7599
서울특별시,중구,저동2가,89,스타벅스 포포인츠 명동,영업,202107,203001,198996.3666,451477.7041
서울특별시,중구,남대문로5가,253,스타벅스 숭례문에스지타워,영업,202008,203001,,
서울특별시,중구,수표동,47-1,스타벅스 청계크리스탈스퀘어점,영업,202203,203001,,
서울특별시,중구,을지로6가,18-12,스타벅스 동대문두타점,영업,201909,203001,200703.6256,451836.4583
서울특별시,중구,필동2가,10,스타벅스 충무로역점,폐업,201105,20230,199393.7481,451020.3172
서울특별시,중구,저동2가,24-1,스타벅스 중구저동점,영업,201412,203001,199078.3726,451354.5064
서울특별시,중구,태평로1가,25,스타벅스 한국프레스센터점,영업,201603,203001,197964.0955,451694.0357
서울특별시,강북구,미아동,35-30,스타벅스커피 미아사거리역점,영업,201412,203001,202647.3924,456612.3679
서울특별시,서초구,잠원동,37-7,스타벅스커피 논현역점,영업,201409,203001,201751.1356,445484.5858
서울특별시,중구,서소문동,75,스타벅스 서소문로점,영업,201410,203001,,
서울특별시,중구,장충동1가,62-35,스타벅스 동대입구역점,영업,201611,203001,200478.4265,450822.6102
서울특별시,도봉구,창동,659-5,스타벅스쌍문역점,영업,201312,203001,203008.3503,460663.6682
서울특별시,중구,충무로1가,25-52,스타벅스 명동역,영업,201301,203001,198437.6434,450953.928
서울특별시,중구,을지로2가,6,스타벅스 을지로내외빌딩R점,영업,201704,203001,198477.5172,451579.6342
서울특별시,용산구,한남동,36-7,스타벅스한남동R점,영업,201607,203001,200896.2084,448060.5027
서울특별시,용산구,용산동5가,24,스타벅스 용산파크타워점,영업,201701,203001,197338.9151,446893.4844
서울특별시,용산구,동자동,45,스타벅스커피 서울역동자동점,영업,201403,203001,197563.0698,449934.1578
서울특별시,용산구,한강로2가,420,스타벅스용산역써밋R점,영업,201802,203001,196861.3509,447226.7205
서울특별시,용산구,동빙고동,10-8,스타벅스동빙고점,영업,200808,203001,199205.4179,447415.0761
서울특별시,중구,무교동,45,스타벅스 무교동점,영업,200203,203001,198055.2101,451729.379
서울특별시,용산구,이촌동,300-20,스타벅스이촌점,영업,201709,203001,197921.8479,446264.3411
서울특별시,용산구,이촌동,302-60,스타벅스 동부이촌동점,영업,201205,203001,197194.5335,446539.644
서울특별시,용산구,청파동3가,111-35,스타벅스숙대점,영업,199803,203001,197035.084,449151.7622
서울특별시,용산구,효창동,13-2,스타벅스효창공원앞역점,영업,201911,203001,,
서울특별시,용산구,한강로3가,16-9,스타벅스 용산전자랜드점,영업,202111,203001,196370.7464,447841.6988
서울특별시,용산구,동자동,56,스타벅스 포포인츠서울역점,영업,202111,203001,197525.4073,449844.3198
서울특별시,용산구,서계동,219-17,스타벅스 서울역서부점,영업,202006,203001,197142.9508,450296.5892
서울특별시,강남구,역삼동,858,스타벅스 강남역신분당역사점,영업,202205,203001,202422.2517,443872.4845
서울특별시,강남구,논현동,164-7,스타벅스 강남논현점,영업,202112,203001,201996.425,445069.98
서울특별시,용산구,원효로1가,133-3,스타벅스용산리첸시아점,영업,202007,203001,197045.8495,448447.559
서울특별시,도봉구,창동,650-45,스타벅스쌍문도봉로점,영업,202104,203001,202855.4503,460322.9522
서울특별시,용산구,동자동,43-205,스타벅스 서울역사점,영업,202104,203001,197373.8399,450014.5379
서울특별시,중구,무교동,32-2,스타벅스 무교로점,영업,202010,203001,198068.0599,451666.7326
서울특별시,중구,을지로4가,323,스타벅스 을지로4가역점,영업,201911,203001,199693.3027,451535.8673
서울특별시,중구,남대문로4가,45,스타벅스 대한상공회의소R점,영업,201905,203001,197620.6489,450919.8743
서울특별시,용산구,한강로3가,63-70,스타벅스용산해링턴스퀘어점,영업,202012,203001,,
서울특별시,용산구,이태원동,127-6,스타벅스이태원역점,영업,201809,203001,199472.627,448007.9612
서울특별시,서초구,서초동,1365-23,스타벅스 서초구청점,영업,201801,203001,202591.5852,442462.7064
서울특별시,중구,다동,111,스타벅스 을지로국제빌딩점,영업,201707,203001,198365.141,451631.1876
서울특별시,중구,충무로1가,52-5,스타벅스 신세계본점 5F,영업,201705,203001,198263.9084,450960.763
서울특별시,성동구,하왕십리동,1070-3,스타벅스 상왕십리역점,영업,201701,203001,202407.0875,451424.1977
서울특별시,중구,남대문로5가,526,스타벅스 대우재단빌딩점,영업,201705,203001,197738.779,450468.9431
서울특별시,성북구,하월곡동,89-7,스타벅스 미아점,영업,201704,203001,202521.2098,456141.6308
서울특별시,중구,남대문로5가,84-11,스타벅스 연세세브란스점,영업,201608,203001,197612.9951,450539.8577
서울특별시,중구,을지로2가,88-5,스타벅스 을지로2가점,영업,201605,203001,,
서울특별시,중구,충무로1가,54,스타벅스 신세계본점6F,영업,201605,203001,198253.896,450905.2845
서울특별시,서초구,신원동,205-1,스타벅스 청계산입구역점,영업,201603,203001,,
서울특별시,중구,삼각동,115,스타벅스 을지로경기빌딩,영업,201510,203001,198448.8484,451658.3045
서울특별시,서초구,양재동,14-4,스타벅스  양재역점,영업,201409,203001,203189.7761,442243.6914
서울특별시,서초구,반포동,748-1,스타벅스커피 신논현역점,영업,201404,203001,202020.5407,444789.8017
서울특별시,서초구,서초동,1327-29,스타벅스 서초파라곤점,영업,201401,203001,202355.1981,443637.8891
서울특별시,서초구,서초동,1303-16,스타벅스커피 강남에비뉴,영업,201303,203001,202044.6291,444504.1128
서울특별시,중구,소공동,70,스타벅스 소공로점,영업,201301,203001,198232.0039,451276.3073
서울특별시,중구,을지로1가,50,스타벅스 서울시청점,영업,201204,203001,198160.4203,451559.1843
서울특별시,중구,을지로2가,204,스타벅스 을지로삼화타워,영업,201203,203001,198591.4875,451623.0202
서울특별시,서초구,서초동,1439-14,스타벅스 서초동점,영업,201112,203001,201837.5694,442638.7807
서울특별시,성동구,금호동4가,1483,스타벅스 금호역점,영업,201912,203001,201284.6117,449529.8716
서울특별시,성동구,성수동1가,656-335,스타벅스 서울숲역점,영업,201911,203001,203903.3536,448846.8202
서울특별시,중구,회현동1가,206,스타벅스 회현역점,영업,201107,203001,198219.4753,450761.4438
서울특별시,성동구,성수동1가,14-33,스타벅스 뚝섬역점,영업,201711,203001,204270.5772,449354.5236
서울특별시,중구,서소문동,57-9,스타벅스 서소문배재,영업,201107,203001,197470.5355,451184.5912
서울특별시,성동구,성수동2가,315-71,스타벅스 성수,영업,202202,203001,204827.4331,449134.9947
서울특별시,중구,순화동,1-170,스타벅스 KG타워점,폐업,201102,20230,197214.2058,451259.6719
서울특별시,중구,남대문로5가,120-0,스타벅스 남산단암점,영업,200909,203001,197761.3527,450694.3175
서울특별시,서초구,양재동,4-3,스타벅스 영동2교점,영업,200903,203001,203697.9224,442204.6013
서울특별시,서초구,서초동,1318-8,스타벅스 몬테소리점,영업,200710,203001,202305.7023,444007.8968
서울특별시,서초구,서초동,1327-5,스타벅스 강남삼성타운점,영업,200707,203001,202381.682,443713.8777
서울특별시,중구,순화동,151,스타벅스순화동더?점,영업,200706,203001,197462.1988,450878.2118
서울특별시,성동구,옥수동,262-1,스타벅스 옥수,영업,202109,203001,201110.397,448968.7953
서울특별시,중구,소공동,87-1,스타벅스 환구단점,영업,200510,203001,198172.1511,451350.9692
서울특별시,서초구,양재동,215-0,스타벅스 하이브랜드점,영업,200503,203001,203204.7556,440136.7812
서울특별시,중구,남대문로5가,9-1,스타벅스 숭례문점,영업,200403,203001,197572.6089,450733.2113
서울특별시,중구,서소문동,135,스타벅스 퍼시픽 타워점,영업,200310,203001,197546.5912,451007.2804
서울특별시,중구,태평로2가,69-7,스타벅스 태평로점,영업,200204,203001,197881.0821,451134.9937
서울특별시,광진구,군자동,236,스타벅스 어린이대공원역점,영업,201901,203001,206677.2816,449966.4181
서울특별시,광진구,자양동,227-7,스타벅스 건대스타씨티점,영업,200703,203001,206349.675,448396.9397
서울특별시,광진구,광장동,329-1,스타벅스커피 광나루점,영업,201308,203001,209301.8924,449461.5371
서울특별시,광진구,자양동,779,스타벅스커피 자양사거리점,영업,201501,203001,207202.1366,448365.6601
서울특별시,광진구,군자동,478-5,스타벅스커피 군자역점,영업,201404,203001,206896.6972,450515.5757
서울특별시,광진구,자양동,507-6,스타벅스(자양점),폐업,200604,20230,206043.3588,448141.6654
서울특별시,광진구,화양동,5-47,스타벅스 건대입구점,영업,200503,203001,206182.1106,448717.8934
서울특별시,서대문구,대현동,45-8,스타벅스 이대역점,영업,202212,203001,195196.1406,450535.1987
서울특별시,광진구,화양동,111-12,스타벅스건대후문,영업,202201,203001,206469.2104,449306.2207
서울특별시,광진구,자양동,227-7,스타벅스 자양이마트점,영업,202008,203001,206349.675,448396.9397
서울특별시,광진구,중곡동,649-4,스타벅스군자사거리점,영업,202104,203001,206899.7836,450618.3636
서울특별시,광진구,구의동,200-2,스타벅스올림픽대교북단점,영업,201709,203001,208353.0818,448772.0878
서울특별시,동대문구,회기동,346-18,스타벅스커피 회기역사거리점,영업,201405,203001,204881.3132,454280.0406
서울특별시,동대문구,이문동,305-60,스타벅스외대점,영업,200508,203001,205353.6245,454828.6061
서울특별시,강남구,대치동,996-1,스타벅스 삼성역점,영업,202206,203001,205720.2606,445222.4498
서울특별시,관악구,봉천동,927-5,스타벅스 봉천역점,영업,202204,203001,194825.7446,442206.8933
서울특별시,은평구,진관동,2-8,스타벅스 진관DT점,영업,202204,203001,194292.7828,460868.3027
서울특별시,강동구,천호동,431-4,스타벅스 천호사거리점,영업,202007,203001,210830.1344,448618.9908
서울특별시,강동구,명일동,353-2,스타벅스 굽은다리역점,영업,202005,203001,212594.4291,449246.8776
서울특별시,마포구,망원동,205-5,스타벅스 망원한강공원점,영업,202111,203001,190871.2321,450149.7346
서울특별시,강남구,삼성동,159,스타벅스 코엑스 별마당점,영업,202004,203001,205130.5917,445590.0968
서울특별시,은평구,대조동,15-9,스타벅스 불광역점,영업,201906,203001,193776.4135,456347.1316
서울특별시,성북구,길음동,20-1,스타벅스현대미아점,영업,200704,203001,202466.8011,456227.5717
서울특별시,관악구,봉천동,856-6,스타벅스 관악서울대입구R점,영업,201905,203001,195749.8078,441904.518
서울특별시,성북구,성북동1가,35-1,스타벅스 한성대입구역점,영업,201112,203001,200362.9989,454081.3418
서울특별시,강동구,암사동,441-12,스타벅스 강동암사DT,영업,201902,203001,211419.2273,450316.3871
서울특별시,성북구,길음동,25-2,스타벅스 미아이마트점,영업,201909,203001,202555.3009,456503.0662
서울특별시,중구,충무로5가,90,스타벅스 동국대점,영업,201805,203001,199797.9621,451014.4533
서울특별시,송파구,신천동,7-30,스타벅스 잠실대교 남단R점,영업,201703,203001,208688.1551,445954.1766
서울특별시,은평구,갈현동,395-6,스타벅스 연신내점,영업,201702,203001,192859.3413,457545.7936
서울특별시,관악구,봉천동,861-6,스타벅스 서울대역점,영업,201612,203001,195699.0482,442163.0961
서울특별시,강동구,천호동,447-17,스타벅스 강동역점,영업,201608,203001,211712.4293,448270.9577
서울특별시,관악구,봉천동,1657-3,스타벅스 낙성대DT점,영업,201607,203001,196846.6127,441555.9467
서울특별시,성북구,종암동,3-686,스타벅스종암점,영업,201510,203001,202932.3846,455431.2683
서울특별시,강남구,삼성동,157-36,스타벅스커피 포스코사거리점,영업,201602,203001,205009.5644,445042.3254
서울특별시,성북구,안암동5가,92,스타벅스 안암역점,영업,201209,203001,202644.6523,453759.8867
서울특별시,중구,명동2가,85-5,스타벅스커피 명동입구,영업,201511,203001,198362.9933,451212.6208
서울특별시,중구,충무로2가,7-1,스타벅스 명동길점,영업,201511,203001,198682.2617,451086.6679
서울특별시,중구,충무로1가,21-1,스타벅스 서울중앙우체국점,영업,201510,203001,198346.5368,451039.715
서울특별시,은평구,진관동,100-6,스타벅스 구파발역점,영업,201507,203001,,
서울특별시,중구,명동2가,2-8,스타벅스 명동중앙로,영업,201504,203001,198671.6278,451253.6425
서울특별시,중구,명동2가,2-16,스타벅스 명동 중앙로,영업,201504,203001,198674.6736,451271.2187
서울특별시,강동구,길동,378-3,스타벅스커피 길동역점,영업,201406,203001,212307.2402,448505.0944
서울특별시,성북구,종암동,29-10,스타벅스 종암DT점,영업,201805,203001,203117.2825,454401.3604
서울특별시,중구,을지로2가,199-33,스타벅스 명동메트로,영업,201405,203001,198492.8019,451427.349
서울특별시,강동구,천호동,455-4,스타벅스 천호이마트점,영업,201402,203001,210996.4586,448531.8709
서울특별시,송파구,송파동,7-4,스타벅스 석촌호수점,영업,201312,203001,209228.4857,445247.3169
서울특별시,성북구,돈암동,625-2,스타벅스 길음역점,영업,201911,203001,202166.019,455524.3515
서울특별시,강동구,상일동,373-1,스타벅스 상일동점,영업,201310,203001,,
서울특별시,성북구,동선동2가,134,스타벅스 성신여대정문,영업,201606,203001,201602.5906,454276.693
서울특별시,중구,을지로2가,198,스타벅스 을지로한국빌딩,영업,201104,203001,198459.6563,451484.997
서울특별시,강동구,성내동,62-4,스타벅스 천호역점,영업,200905,203001,210921.8374,448409.2657
서울특별시,관악구,신림동,1432-71,스타벅스 신림점,영업,200903,203001,193665.7688,442658.667
서울특별시,서대문구,대현동,11-1,스타벅스이대이씨씨(ECC)점,영업,200804,203001,195287.7664,451143.7893
서울특별시,서대문구,충정로2가,191,스타벅스 경기대점,영업,200605,203001,196801.6616,451267.8097
서울특별시,송파구,잠실동,40-0,스타벅스 갤러리아 팰리스점,영업,200503,203001,208233.927,445435.2576
서울특별시,중구,필동2가,19-1,스타벅스 대한극장점,영업,200112,203001,199519.6498,450977.2505
서울특별시,성북구,장위동,143-38,스타벅스 장위뉴타운점,영업,202106,203001,204478.0069,457291.2989
서울특별시,강북구,번동,418-17,스타벅스수유역점,영업,200410,203001,202262.0644,459520.7057
서울특별시,강북구,미아동,121-19,스타벅스 미아역점,영업,201204,203001,202280.2302,458199.6442
서울특별시,강북구,미아동,812-2,스타벅스 미아뉴타운점,영업,201610,203001,201794.7913,457341.5632
서울특별시,강북구,수유동,174-13,스타벅스커피 강북구청 사거리점,영업,201508,203001,202345.4044,459741.244
서울특별시,강북구,우이동,346,스타벅스 파라스파라서울점,영업,202108,203001,200704.5398,462416.3928
서울특별시,강동구,강일동,723,스타벅스 강일역점,영업,202207,203001,215259.7907,450595.4199
서울특별시,구로구,신도림동,692,스타벅스커피 현대디큐브 B2,영업,201108,203001,190107.0454,445157.6264
서울특별시,강동구,길동,457-4,스타벅스 천호대로길동점,영업,202009,203001,212059.9737,448068.6036
서울특별시,서초구,방배동,444-7,스타벅스커피 사당로데오점,영업,201509,203001,198353.8211,441680.7758
서울특별시,서초구,방배동,3000-1,스타벅스커피 이수역점,영업,201407,203001,198409.5547,442707.3837
서울특별시,노원구,공릉동,653-8,스타벅스 태릉입구역DT점,영업,202105,203001,206931.053,457432.6951
서울특별시,은평구,응암동,96-1,스타벅스 은평구청입구점,영업,201405,203001,193475.5671,455434.5453
서울특별시,은평구,불광동,308-1,스타벅스 연신내역사거리점,영업,201711,203001,193035.2791,457365.9117
서울특별시,은평구,진관동,65,스타벅스 구파발사거리,영업,201801,203001,,
서울특별시,은평구,대조동,224-15,스타벅스 구산역점,영업,201206,203001,192665.7816,456617.6642
서울특별시,성동구,도선동,58-1,스타벅스 왕십리역점,영업,201504,203001,202932.382,451169.5243
서울특별시,은평구,응암동,90-1,스타벅스은평이마트점,영업,200510,203001,192882.8377,455340.5406
서울특별시,성동구,행당동,31-4,스타벅스-한양대점,영업,200104,203001,203655.6456,450556.3843
서울특별시,성동구,행당동,267-23,스타벅스 왕십리역9번출구,영업,202211,203001,203046.421,450918.935
서울특별시,서대문구,북아현동,149,스타벅스 아현역점,영업,201706,203001,,
서울특별시,영등포구,영등포동7가,47-3,스타벅스 영등포시장역점,영업,202204,203001,191518.7556,446809.6327
서울특별시,서대문구,충정로3가,470,스타벅스 충정로역점,영업,201202,203001,196662.3352,450999.9
서울특별시,영등포구,양평동5가,64-1,스타벅스 선유도역1번출구점,영업,202103,203001,190530.3535,448453.6168
서울특별시,서대문구,충정로3가,464,스타벅스충정타워,영업,201007,203001,196752.764,450838.5976
서울특별시,영등포구,영등포동6가,1-14,스타벅스 영등포시장교차로점,영업,202103,203001,191482.3878,446475.7663
서울특별시,성동구,성수동2가,281-20,스타벅스  성수낙낙점,영업,202009,203001,205784.4456,449451.9862
서울특별시,노원구,월계동,633-31,스타벅스 월계역점,영업,202002,203001,,
서울특별시,영등포구,영등포동4가,442,스타벅스타임스퀘어R점,영업,201910,203001,191385.0574,446098.5559
서울특별시,서대문구,대현동,54-4,스타벅스 이대R점,영업,199907,203001,195155.2739,450692.2335
서울특별시,노원구,상계동,372-16,스타벅스상계초교사거리점,영업,201904,203001,205793.6276,461589.2557
서울특별시,노원구,월계동,333-1,스타벅스 월계트레이더스점,영업,201903,203001,205391.0704,458333.9892
서울특별시,노원구,공릉동,597-34,스타벅스 공릉DT점,영업,201806,203001,206492.09,457601.6208
서울특별시,관악구,신림동,564-12,스타벅스 신림DT점,영업,201801,203001,191828.7797,442094.3295
서울특별시,노원구,상계동,694,스타벅스노원마들역점,영업,201709,203001,204957.5624,462039.1075
서울특별시,성동구,성수동2가,317-20,스타벅스 성수역점,영업,201707,203001,204962.6586,448995.7614
서울특별시,노원구,공릉동,379-27,스타벅스공릉역점,영업,201707,203001,206312.6943,458229.345
서울특별시,성동구,하왕십리동,700,스타벅스 황학사거리점,영업,201704,203001,,
서울특별시,서대문구,홍제동,301-19,스타벅스 홍제역점,영업,201703,203001,194977.3988,454045.3965
서울특별시,영등포구,영등포동8가,35-1,스타벅스영등포KT점,영업,201612,203001,191536.0371,447172.0534
서울특별시,영등포구,양평동4가,2,스타벅스(선유동이레빌딩점),영업,201603,203001,190834.8799,447975.9314
서울특별시,성동구,행당동,168-200,스타벅스엔터식스점,영업,201305,203001,,
서울특별시,노원구,상계동,712,스타벅스 노원역점,영업,201303,203001,205226.6368,461377.8231
서울특별시,노원구,월계동,333-1,스타벅스월계이마트점,영업,201301,203001,205391.0704,458333.9892
서울특별시,노원구,상계동,763-3,스타벅스중계역점,영업,201212,203001,205415.9763,460644.6394
서울특별시,노원구,상계동,723,스타벅스 노원케이티(KT)점,영업,201207,203001,205550.9084,461343.0622
서울특별시,노원구,월계동,410-1,스타벅스광운대점,영업,201204,203001,205285.166,457869.1451
서울특별시,영등포구,영등포동3가,2-21,스타벅스커피 코리아 영등포본동점,영업,201007,203001,191935.8472,446275.9613
서울특별시,영등포구,영등포동4가,434-5,스타벅스신세계타임스퀘어B2점,영업,201006,203001,191581.5003,446108.8072
서울특별시,영등포구,영등포동4가,434-5,스타벅스신세계타임스퀘어1F점,영업,200908,203001,191581.5003,446108.8072
서울특별시,성동구,성수동2가,333-16,스타벅스 성수이마트점,폐업,200812,20230,204614.2727,448607.4413
서울특별시,노원구,중계동,360-6,스타벅스 은행사거리점,영업,200802,203001,206636.1084,460903.983
서울특별시,마포구,동교동,165-1,스타벅스 홍대역8번출구점,영업,202101,203001,193229.0925,450500.6866
서울특별시,마포구,상암동,1647,스타벅스상암디지털큐브점,영업,201503,203001,190144.1432,452658.5259
서울특별시,마포구,동교동,159-1,스타벅스커피홍대역,영업,201310,203001,193185.6339,450550.6759
서울특별시,마포구,상암동,1597,스타벅스커피상암사보이시티,영업,201605,203001,190086.6254,453231.4277
서울특별시,마포구,신수동,63-14,스타벅스커피서강대점,영업,201406,203001,194432.4475,450033.1213
서울특별시,마포구,상암동,1603,스타벅스커피 상암MBC점,영업,201406,203001,190282.7592,453213.1985
서울특별시,마포구,동교동,205-6,스타벅스커피동교점,영업,201307,203001,192861.0646,450513.2473
서울특별시,마포구,용강동,112-2,스타벅스마포용강동점,영업,201810,203001,194830.0064,448772.7949
서울특별시,마포구,합정동,472,스타벅스커피합정,영업,201606,203001,192171.2354,449751.487
서울특별시,마포구,도화동,50-1,스타벅스마포일진빌딩점,영업,200809,203001,195189.0438,448689.2062
서울특별시,마포구,서교동,475-13,(주)스타벅스커피코리아 망원역점,영업,201012,203001,192045.4279,450395.2447
서울특별시,마포구,상암동,1654,스타벅스상암DMC점,영업,200710,203001,190268.3507,452810.7427
서울특별시,마포구,신수동,1-1,스타벅스 서강대프라자점,영업,201910,203001,194564.2772,449886.7004
서울특별시,마포구,상암동,1607,스타벅스 상암YTN점,영업,201904,203001,190417.7464,452995.2772
서울특별시,마포구,서교동,490,스타벅스 합정폴리스R,영업,201805,203001,192311.6426,449855.6439
서울특별시,마포구,대흥동,111-1,스타벅스커피 서강대흥역,영업,201611,203001,194765.4466,449557.8423
서울특별시,마포구,공덕동,254-8,스타벅스공덕,영업,201801,203001,195775.0185,449299.5214
서울특별시,양천구,목동,908-34,스타벅스커피목동5단지점,영업,201305,203001,189519.8625,448282.2561
서울특별시,양천구,목동,406-4,스타벅스목동오목로점,영업,201609,203001,188301.0806,447086.728
서울특별시,양천구,신정동,319-23,스타벅스목동8단지점,영업,201612,203001,188335.8559,446489.6747
서울특별시,양천구,신월동,205-48,스타벅스신월IC DT점,영업,201507,203001,185099.9627,447489.5342
서울특별시,양천구,목동,404-13,스타벅스 오목교역점,영업,201507,203001,189031.8299,446838.0867
서울특별시,양천구,목동,907-4,스타벅스 목동점,영업,200407,203001,189197.5061,448244.5232
서울특별시,양천구,목동,917,스타벅스커피목동파라곤점,영업,201010,203001,188895.8441,447480.9796
서울특별시,양천구,목동,923,스타벅스커피 목동7단지점,영업,201411,203001,188494.599,447318.6605
서울특별시,양천구,목동,907-18,스타벅스 목동파리공원점,영업,201910,203001,189224.6847,448126.3704
서울특별시,양천구,목동,917-6,스타벅스 목동행복한점,영업,201808,203001,188977.1711,447466.355
서울특별시,양천구,목동,962,스타벅스 목동트라팰리스점,영업,202007,203001,188472.7592,447091.856
서울특별시,양천구,목동,602-2,스타벅스 등촌역점,영업,201810,203001,188272.4726,449639.4848
서울특별시,강서구,마곡동,801-2,스타벅스 발산역사거리점,영업,201909,203001,185344.2089,450697.1785
서울특별시,중구,남대문로4가,17-19,스타벅스 숭례문북창점,영업,201810,203001,197895.4912,451035.703
서울특별시,강서구,화곡동,772-67,스타벅스 화곡DT점,영업,201610,203001,187838.2316,448093.6329
서울특별시,강서구,등촌동,678-14,스타벅스커피 발산역점,영업,201402,203001,185732.4244,450884.5288
서울특별시,강서구,염창동,282-23,스타벅스커피 염창역점,영업,201312,203001,188843.429,449461.1525
서울특별시,강서구,화곡동,1170,스타벅스 강서우장산점,영업,202207,203001,185432.7672,449342.4335
서울특별시,강서구,화곡동,343-1,스타벅스커피 까치산역점,영업,201209,203001,186327.695,447795.9403
서울특별시,강서구,등촌동,73-1,스타벅스 가양역점,영업,201703,203001,186966.0362,451047.2873
서울특별시,강서구,방화동,293-4,스타벅스 방화DT,영업,201712,203001,183704.3002,452482.3973
서울특별시,강서구,화곡동,1073-10,스타벅스커피 화곡동점,영업,201503,203001,185574.9372,448716.2747
서울특별시,강서구,내발산동,668,스타벅스 내발산점,영업,202111,203001,185487.6418,450280.8586
서울특별시,강서구,등촌동,628-9,스타벅스 가양역사거리점,영업,202107,203001,187160.6656,450873.0171
서울특별시,강서구,마곡동,796-3,스타벅스 마곡사이언스타워R점,영업,201807,203001,185259.1853,450932.3598
서울특별시,강서구,염창동,274-17,스타벅스 등촌대로점,영업,202102,203001,,
서울특별시,강서구,마곡동,743-1,스타벅스 마곡나루공원점,영업,202104,203001,184219.2372,451641.2055
서울특별시,종로구,신문로2가,89-27,스타벅스 정동점,영업,202105,203001,197301.1261,451816.0382
서울특별시,중랑구,중화동,306-68,스타벅스 중화역점,영업,202012,203001,206852.3902,455508.596
서울특별시,중랑구,묵동,169-12,스타벅스 묵동점,영업,202006,203001,206715.541,457004.8747
서울특별시,구로구,고척동,72-49,스타벅스 구로고척점,영업,202108,203001,187835.5017,443881.1293
서울특별시,중구,을지로6가,18-131,스타벅스 국립중앙의료원점,영업,201810,203001,200492.7649,451583.8365
서울특별시,종로구,서린동,154-1,스타벅스 광화문우체국,영업,201804,203001,197995.2188,451945.0472
서울특별시,중구,광희동1가,185-1,스타벅스 동대문공원점,영업,201702,203001,200567.8932,451437.3288
서울특별시,구로구,구로동,212-1,스타벅스 구로에이스점,영업,200605,203001,190600.9,442482.539
서울특별시,중구,흥인동,86,스타벅스 신당역사거리점,영업,201607,203001,201400.8244,451528.0122
서울특별시,구로구,구로동,222-7,스타벅스 구로디지털타워점,영업,201702,203001,190776.4685,442370.1437
서울특별시,중랑구,상봉동,501,스타벅스커피 상봉,영업,201604,203001,208076.3867,455017.5286
서울특별시,종로구,신문로1가,163,스타벅스 새문안로점,영업,201511,203001,197713.2648,451938.0377
서울특별시,종로구,청진동,246,스타벅스 광화문D타워점,영업,201508,203001,198068.9268,452087.0302
서울특별시,구로구,신도림동,413-9,스타벅스 신도림점,영업,201710,203001,189661.4898,444788.587
서울특별시,중랑구,상봉동,130-3,스타벅스커피 중랑역점,영업,201507,203001,206526.0022,454549.1674
서울특별시,구로구,구로동,235-2,스타벅스구로하이엔드점,영업,201008,203001,190504.7782,442154.9928
서울특별시,중랑구,신내동,563-3,스타벅스 중랑구청점,영업,201503,203001,208382.9769,455900.3257
서울특별시,중랑구,면목동,617-2,스타벅스커피 사가정역점,영업,201409,203001,207702.8399,453039.3455
서울특별시,중구,흥인동,132,스타벅스 신당역점,영업,201310,203001,201198.0189,451459.4911
서울특별시,중랑구,상봉동,100-2,스타벅스코리아 상봉역점,영업,201203,203001,207584.9182,454966.7437
서울특별시,강남구,삼성동,53-0,스타벅스청담공원점,폐업,201107,20230,204473.7366,446286.5649
서울특별시,종로구,통의동,35-41,스타벅스 경복궁역,영업,201011,203001,197524.1878,452766.6018
서울특별시,중구,황학동,2545,스타벅스 황학캐슬점,영업,200807,203001,201823.909,452076.8187
서울특별시,구로구,오류동,55-50,스타벅스커피 오류동역점,영업,201406,203001,186212.0841,443782.5558
서울특별시,양천구,목동,916,스타벅스현대목동점,영업,200208,203001,188884.0756,447186.8886
서울특별시,양천구,신정동,324-7,스타벅스 목동10단지점,영업,202106,203001,187518.0936,445920.3749
서울특별시,양천구,신월동,52-14,스타벅스 신월동DT점,영업,202105,203001,184649.3908,448463.1531
서울특별시,양천구,신정동,981-15,스타벅스신정DT점,영업,201712,203001,187455.9465,446655.868
서울특별시,양천구,신정동,900-10,스타벅스목동역점,영업,201708,203001,187891.3789,447174.3792
서울특별시,은평구,녹번동,19-121,스타벅스 녹번역점,영업,202210,203001,194220.3248,455685.625
서울특별시,금천구,가산동,673,스타벅스 독산역점,영업,202202,203001,190021.9569,440609.2095
서울특별시,금천구,가산동,60-5,스타벅스 커피 가산그레이트,영업,201009,203001,189982.3445,441928.6904
서울특별시,금천구,가산동,371-37,스타벅스커피 가산브이타워,영업,201101,203001,189647.0468,441677.0962
서울특별시,금천구,시흥동,904-22,스타벅스 금천시흥점,영업,201703,203001,191368.5221,438529.3631
서울특별시,금천구,가산동,371-28,스타벅스가산디지털점,영업,200601,203001,189538.0209,441982.4279
서울특별시,금천구,가산동,60-27,스타벅스 W-Mall점,영업,200703,203001,189997.4557,441687.8412
서울특별시,금천구,가산동,50-3,스타벅스 가산디지털단지역,영업,201606,203001,189662.9592,442139.5145
서울특별시,금천구,독산동,291-1,스타벅스커피 금천독산점,영업,201405,203001,190694.8803,440764.4263
서울특별시,금천구,가산동,60-20,스타벅스 커피 마리오아울렛점,영업,201209,203001,189759.7131,441814.1159
서울특별시,금천구,시흥동,1031,스타벅스 금천구청역점,영업,202004,203001,190718.3772,439322.4274
서울특별시,영등포구,영등포동1가,143-3,스타벅스영등포역점,영업,201901,203001,191908.1188,446086.8191
서울특별시,영등포구,여의도동,55-2,스타벅스샛강역점,영업,201904,203001,193851.7999,446223.4985
서울특별시,영등포구,여의도동,23-9,스타벅스여의도점,영업,200009,203001,193258.9099,446869.3529
서울특별시,영등포구,문래동3가,55-20,스타벅스하이테크시티점,영업,200706,203001,190996.3573,445841.3776
서울특별시,영등포구,여의도동,35-4,스타벅스여의도화재보험,영업,201801,203001,193417.0802,446590.4671
서울특별시,영등포구,영등포동4가,442,스타벅스타임스퀘어2F점,영업,200909,203001,191385.0574,446098.5559
서울특별시,영등포구,영등포동4가,442,스타벅스타임스퀘어B2점,영업,200910,203001,191385.0574,446098.5559
서울특별시,영등포구,여의도동,23,스타벅스커피 여의도IFC(1F)점,영업,201212,203001,193326.931,446973.9146
서울특별시,영등포구,신길동,252-9,스타벅스커피 영등포신길,영업,201410,203001,191979.4002,444714.5643
서울특별시,종로구,인의동,28-2,스타벅스 종로플레이스점,영업,202107,203001,199785.0788,452316.3185
서울특별시,영등포구,문래동3가,55-5,스타벅스커피문래역점,영업,201410,203001,190777.4306,446138.2699
서울특별시,종로구,평동,222,스타벅스 서대문역점,영업,202104,203001,,
서울특별시,강남구,역삼동,702-10,스타벅스 테헤란로아남타워점,영업,202012,203001,203894.0314,444624.8182
서울특별시,종로구,연건동,28-21,스타벅스 서울대치과병원점,영업,202011,203001,199824.096,452984.3605
서울특별시,종로구,혜화동,90-18,스타벅스 동숭길입구점,영업,202006,203001,200113.8747,453549.5264
서울특별시,종로구,평동,108-1,스타벅스 강북삼성병원점,영업,202003,203001,197111.9696,451776.4437
서울특별시,동작구,사당동,252-15,스타벅스 남성역점,영업,201908,203001,197513.7186,442441.9497
서울특별시,영등포구,양평동1가,247,스타벅스 서울양평역점,영업,202108,203001,,
서울특별시,영등포구,당산동5가,16-7,스타벅스 당산역사거리점,영업,202009,203001,191177.5845,447965.6455
서울특별시,종로구,동숭동,1-31,스타벅스 혜화역점,영업,201811,203001,200123.4377,453357.2947
서울특별시,영등포구,당산동3가,393,스타벅스 영등포구청역점,영업,202102,203001,190742.8251,447269.0519
서울특별시,동대문구,이문동,329-1,스타벅스외대정문점,영업,201701,203001,205162.3148,454785.7313
서울특별시,동작구,신대방동,395-65,스타벅스 보라매공원R점,영업,201901,203001,193167.0499,443326.0604
서울특별시,동작구,노량진동,333,스타벅스 노량진동점,영업,201910,203001,195220.6675,445637.7633
서울특별시,동작구,노량진동,62-8,스타벅스노량진역점,영업,201804,203001,194703.2815,445682.7783
서울특별시,동작구,상도동,324-1,스타벅스 신대방삼거리역점,영업,201709,203001,193896.3848,444196.4848
서울특별시,동작구,상도동,501-9,스타벅스숭실대점,영업,200602,203001,195941.164,443689.6259
서울특별시,동작구,상도1동,666-5,스타벅스 상도역점,영업,202006,203001,195371.7806,444561.3864
서울특별시,동작구,사당동,147-29,스타벅스 이수자이점,영업,201811,203001,198202.4725,442471.241
서울특별시,관악구,남현동,1060-10,스타벅스커피사당점,영업,201402,203001,198248.9424,441541.5998
서울특별시,관악구,신림동,1422-35,스타벅스커피 신림사거리점,영업,201308,203001,193781.8082,442506.7153
서울특별시,관악구,봉천동,869-1,스타벅스커피 서울대입구역점,영업,201201,203001,195625.0759,442105.4431
서울특별시,관악구,봉천동,729-21,스타벅스커피 보라매대교점,영업,201307,203001,193350.027,443216.7506
서울특별시,관악구,신림동,1641-2,스타벅스 신림타임스트림점,영업,200902,203001,193754.4274,442407.2012
서울특별시,서초구,서초동,1332-4,스타벅스 서이초교사거리점,영업,202102,203001,202161.8868,443298.2694
서울특별시,서초구,서초동,1303-22,스타벅스 강남교보타워R점,영업,201806,203001,202058.6747,444618.1673
서울특별시,서초구,잠원동,21-7,스타벅스 강남대로신사점,영업,201703,203001,201650.4901,445846.62
서울특별시,서초구,방배동,3001-2,스타벅스 이수역사거리점,영업,201708,203001,198432.3542,442643.1639
서울특별시,서초구,반포동,736-2,스타벅스 강남대로논현R점,영업,201704,203001,201928.4882,445018.4336
서울특별시,서초구,서초동,1329-7,스타벅스 서초우성사거리점,영업,201711,203001,202513.1194,443478.8069
서울특별시,서초구,서초동,1307-19,스타벅스 강남2점,영업,200312,203001,202178.3606,444206.9649
서울특별시,서초구,서초동,1317-23,스타벅스커피 강남GT타워점,영업,201202,203001,202247.7061,443957.177
서울특별시,강남구,역삼동,755,스타벅스 역삼이마트점,영업,202011,203001,204213.6432,444113.0282
서울특별시,강남구,삼성동,37-17,스타벅스커피 선정릉역점,영업,201509,203001,203870.2672,445396.6942
서울특별시,강남구,논현동,216-5,스타벅스논현힐탑,영업,201108,203001,202776.9295,445484.2419
서울특별시,강남구,청담동,125-23,스타벅스청담사거리,폐업,201108,20230,204406.2122,446969.423
서울특별시,강남구,역삼동,832-3,스타벅스 강남우성점,영업,201611,203001,202645.88,443351.145
서울특별시,강남구,역삼동,679,스타벅스 지에스타워점,영업,200508,203001,203184.1089,444431.8739
서울특별시,강남구,삼성동,91-31,스타벅스코엑스사거리,영업,201202,203001,205245.7534,445908.6351
서울특별시,강남구,역삼동,706-1,스타벅스 르네상스사거리점,영업,201003,203001,203829.9504,444487.342
서울특별시,강남구,논현동,1-3,스타벅스 신사역점,영업,201412,203001,201753.1885,446003.4452
서울특별시,강남구,역삼동,813-17,스타벅스 강남오거리점,영업,201708,203001,202288.2365,444431.6944
서울특별시,강남구,삼성동,159,스타벅스커피 코엑스몰점,영업,201402,203001,205130.5917,445590.0968
서울특별시,강남구,역삼동,825,스타벅스 강남R점,영업,201708,203001,202462.6048,443960.1863
서울특별시,강남구,논현동,238-5,스타벅스커피 서울세관사거리점,영업,201407,203001,203107.2296,445867.6812
서울특별시,강남구,삼성동,159,스타벅스 스타필드코엑스몰R점,영업,201705,203001,205130.5917,445590.0968
서울특별시,강남구,역삼동,677-25,스타벅스큰길타워점,영업,200503,203001,203530.6026,444462.1935
서울특별시,강남구,대치동,1001-8,스타벅스 삼성교점,영업,201304,203001,205694.0895,445069.1875
서울특별시,강남구,수서동,715,스타벅스 수서역R점,영업,201806,203001,209009.8641,442872.1606
서울특별시,강남구,역삼동,678-39,스타벅스커피 역삼대로점,영업,201306,203001,203383.7287,444401.9945
서울특별시,강남구,역삼동,830-69,스타벅스커피 역삼초교사거리점,영업,201403,203001,202835.6812,443561.706
서울특별시,강남구,삼성동,144-25,스타벅스삼성점,영업,200203,203001,204842.305,444981.41
서울특별시,강남구,삼성동,154-10,스타벅스커피 삼성도심공항점,영업,201307,203001,205048.1788,445288.794
서울특별시,강남구,역삼동,809-10,스타벅스커피 강남대로점,영업,201306,203001,202196.5463,444552.1795
서울특별시,강남구,논현동,241-7,스타벅스강남구청역점,영업,200504,203001,203576.2031,446044.3286
서울특별시,강남구,신사동,580-2,스타벅스압구정역점,영업,200103,203001,202415.8066,447167.1559
서울특별시,강남구,대치동,507-0,스타벅스대치역점,영업,200505,203001,205405.125,443463.355
서울특별시,강남구,개포동,1229-1,스타벅스포이점,영업,200505,203001,203923.4518,441737.8869
서울특별시,강남구,역삼동,735-3,스타벅스커피 역삼포스코점,영업,201307,203001,202900.5903,444136.7287
서울특별시,강남구,신사동,583-3,스타벅스 압구정미소점,영업,200412,203001,202398.0225,446869.3071
서울특별시,강남구,삼성동,159,스타벅스 코엑스아셈타워점,영업,202010,203001,205130.5917,445590.0968
서울특별시,강남구,논현동,70-6,스타벅스 도산사거리점,영업,202106,203001,202940.9134,446374.9874
서울특별시,강남구,역삼동,676,스타벅스 센터필드R점,영업,202107,203001,203599.0628,444556.0623
서울특별시,강남구,삼성동,168-22,스타벅스 삼성동점,영업,202107,203001,205547.0377,445391.1343
서울특별시,강남구,신사동,621-1,스타벅스 압구정R점,영업,201808,203001,202855.6586,447241.6055
서울특별시,강남구,도곡동,956,스타벅스 양재강남빌딩R점,영업,201808,203001,203168.515,442571.3535
서울특별시,강남구,삼성동,108-6,스타벅스 봉은사역점,영업,202005,203001,205511.545,445869.825
서울특별시,강남구,논현동,5,스타벅스 도산가로수길,영업,201109,203001,201992.6637,446129.6949
서울특별시,강남구,청담동,44-12,스타벅스커피 강남구청정문점,영업,201703,203001,203993.7255,446236.536
서울특별시,강남구,논현동,18-4,스타벅스 신사역성일빌딩점,영업,201911,203001,201757.1057,445748.2452
서울특별시,강남구,역삼동,648-22,스타벅스 국기원사거리점,영업,201907,203001,202731.24,444156.6
서울특별시,강남구,논현동,142-2,스타벅스 논현역사거리점,영업,201811,203001,201908.7511,445336.4638
서울특별시,강남구,대치동,944-31,스타벅스 삼성역섬유센터R점,영업,201811,203001,205291.4867,445028.2094
서울특별시,강남구,역삼동,721-13,스타벅스 역삼아레나빌딩점,영업,201906,203001,203723.0958,444322.7362
서울특별시,송파구,신천동,7-19,스타벅스 잠실시그마타워점,영업,201811,203001,208994.018,445826.5456
서울특별시,송파구,신천동,29-1,스타벅스 송파KT,영업,202109,203001,209337.1045,445744.8644
서울특별시,송파구,문정동,634,스타벅스 송파NC점,영업,202107,203001,210986.4607,441725.2935
서울특별시,송파구,문정동,642,스타벅스 문정법원로R,영업,201808,203001,,
서울특별시,송파구,석촌동,286-9,스타벅스 석촌역,영업,201009,203001,209314.5573,444678.0054
서울특별시,송파구,가락동,125-6,스타벅스 문정로데오점,영업,201412,203001,211101.3948,443302.5846
서울특별시,송파구,삼전동,130-2,스타벅스 석촌서호,영업,201503,203001,208461.7118,444909.4852
서울특별시,송파구,잠실동,181,스타벅스 잠실 새내역점,영업,201309,203001,207102.395,445477.545
서울특별시,송파구,방이동,180-8,스타벅스 올림픽평화의문점,영업,201511,203001,210215.159,445957.9817
서울특별시,송파구,신천동,11-4,스타벅스 잠실 푸르지오 월드점,영업,201309,203001,209087.1224,446139.1526
서울특별시,송파구,방이동,181,스타벅스 올림픽공원남문점,영업,201405,203001,210806.1788,445687.2878
서울특별시,송파구,장지동,884,스타벅스 송파위례점,영업,201706,203001,212641.2953,441934.2521
서울특별시,송파구,오금동,17-8,스타벅스 방이역점,영업,201312,203001,211132.8445,445154.0057
서울특별시,송파구,잠실동,175,스타벅스 아시아선수촌점,영업,200506,203001,206919.4781,445370.2017
서울특별시,송파구,가락동,79,스타벅스 가락시장역점,영업,201201,203001,210681.5759,443586.1879
서울특별시,송파구,신천동,7-17,스타벅스잠실역점,영업,200309,203001,208730.6335,445905.0255
서울특별시,송파구,문정동,651,스타벅스 문정역점,영업,201705,203001,,
서울특별시,송파구,송파동,59-9,스타벅스 송파나루역DT점,영업,201903,203001,209677.2943,445409.9249
서울특별시,강동구,명일동,312-28,스타벅스 명일역점,영업,201812,203001,212636.289,450041.6562
서울특별시,강동구,고덕동,210-1,스타벅스 상일동역점,영업,202101,203001,214956.1313,450617.9236
서울특별시,구로구,신도림동,692,스타벅스커피 현대디큐브 2F,영업,201108,203001,190107.0454,445157.6264
서울특별시,강남구,신사동,639-7,스타벅스 신압구정점,영업,201106,203001,203149.9804,447322.6626
서울특별시,강남구,청담동,84-3,스타벅스 압구정로데오역,영업,201008,203001,203516.8889,447145.8878
서울특별시,강남구,신사동,635-13,스타벅스 압구정로점,영업,200712,203001,203000.2028,447174.4387
서울특별시,구로구,오류동,271,스타벅스 구로오류DT점,영업,202210,203001,185292.683,442894.4491
서울특별시,강서구,화곡동,1111,스타벅스 강서구청사거리점,영업,202102,203001,186884.4289,450307.9212
서울특별시,구로구,구로동,573,스타벅스 구로NC점,영업,202008,203001,189570.3609,444336.0513
서울특별시,금천구,가산동,371-41,스타벅스 가산에스케이점,영업,201808,203001,189378.3325,442066.9987
서울특별시,금천구,독산동,159-23,스타벅스 독산사거리점,영업,201705,203001,190977.3116,441050.3815
서울특별시,강남구,청담동,132-1,스타벅스커피 청담영동대로점,영업,201612,203001,204926.5006,446665.7213
서울특별시,강서구,마곡동,776-6,스타벅스 양천향교역,영업,201610,203001,185834.5058,451638.2478
서울특별시,강남구,논현동,93-2,스타벅스커피 학동사거리점,영업,201509,203001,203286.239,446685.826
서울특별시,강서구,등촌동,668-9,스타벅스커피 등촌점,영업,201502,203001,186173.478,450677.7932
서울특별시,강남구,청담동,6-5,스타벅스커피 청담사거리점,영업,201402,203001,204072.405,446839.9357
서울특별시,강남구,청담동,52-1,스타벅스 커피 청담점,영업,201309,203001,204490.5416,446902.9583
서울특별시,구로구,구로동,191-7,스타벅스커피 구로디지털로점,영업,201308,203001,190688.7475,442618.7857
서울특별시,구로구,구로동,1128-1,스타벅스 커피 구로호텔점,영업,201211,203001,190990.9558,442338.8424
서울특별시,광진구,구의동,75-19,스타벅스아차산역점,영업,201809,203001,207872.907,449818.8805
서울특별시,광진구,광장동,582,스타벅스 광장점,영업,201205,203001,208729.1704,448995.8084
서울특별시,동대문구,장안동,433-7,스타벅스 커피(장한평역점),영업,201202,203001,205717.4698,451120.5354
서울특별시,광진구,구의동,246-15,스타벅스커피 구의역점,영업,201202,203001,207359.0772,448305.4414
서울특별시,영등포구,여의도동,45-21,스타벅스커피여의도ABL타워점,영업,201411,203001,193553.4728,446289.3893
서울특별시,영등포구,여의도동,34-11,스타벅스커피여의도한양증권점,영업,201401,203001,193659.1402,446692.9922
서울특별시,영등포구,여의도동,15-15,스타벅스커피여의도일신점,영업,201312,203001,192878.6628,447300.2534
서울특별시,영등포구,여의도동,44-22,스타벅스커피 여의도호성,영업,201103,203001,193677.1246,446467.5965
서울특별시,영등포구,당산동6가,338-1,스타벅스커피당산점,영업,201401,203001,191096.383,448115.6414
서울특별시,은평구,진관동,277-11,스타벅스 더북한산점,영업,202302,203001,195321.8361,461437.7814
서울특별시,은평구,신사동,338-4,스타벅스 새절역점,영업,202302,203001,192235.5744,454134.846
서울특별시,영등포구,여의도동,23-2,스타벅스 여의도신한투자증권타워,영업,202110,203001,193232.6823,446951.3704
서울특별시,영등포구,여의도동,22,스타벅스 더현대서울(B2)R,영업,202102,203001,193592.0004,447092.6294
서울특별시,영등포구,당산동6가,217-2,스타벅스당산대로점,영업,201806,203001,191440.258,447884.5699
서울특별시,영등포구,여의도동,23,스타벅스여의도IFC몰(L1)R,영업,201803,203001,193326.931,446973.9146
서울특별시,영등포구,여의도동,17-9,스타벅스여의도KBSR점,영업,201801,203001,192696.2653,447151.9617
서울특별시,영등포구,여의도동,14,스타벅스국회대로점,영업,201706,203001,192821.7179,447564.9111
서울특별시,중구,신당동,374-27,스타벅스 약수역점,영업,201501,203001,200878.3947,450351.5691
서울특별시,영등포구,여의도동,36,스타벅스 롯데캐슬 여의도점,영업,200507,203001,193421.6283,446448.1576
서울특별시,성동구,금호동1가,122,스타벅스 신금호역,영업,202212,203001,201716.6169,450300.9392
서울특별시,광진구,중곡동,30-80,스타벅스중곡역,영업,202203,203001,207403.6213,451409.4742
서울특별시,송파구,마천동,43-1,스타벅스 송파마천사거리DT점,영업,202008,203001,212986.1017,444178.7844
서울특별시,송파구,가락동,174-14,스타벅스송파개롱역점,영업,201803,203001,211972.6067,443877.5571
서울특별시,송파구,문정동,618,스타벅스 문정하비오점,영업,201705,203001,210868.3975,442053.2279
서울특별시,송파구,문정동,624,스타벅스 송파아이파크점,영업,201604,203001,210698.85,441971.2713
서울특별시,송파구,문정동,150-26,스타벅스 올림픽훼미리점,영업,201407,203001,210226.6978,443267.2288
서울특별시,송파구,가락동,97-7,스타벅스 가락본동점,영업,201204,203001,210437.1235,443634.6733
서울특별시,송파구,문정동,292,스타벅스 가든파이브,영업,201106,203001,,
서울특별시,성북구,안암동5가,104-30,스타벅스고대점,영업,200307,203001,202556.2755,453517.967
서울특별시,영등포구,문래동3가,77-1,스타벅스 문래동점,영업,201006,203001,190176.6272,446383.6614
서울특별시,성북구,하월곡동,46-73,스타벅스 월곡역점,영업,201305,203001,203502.0041,455500.569
서울특별시,영등포구,여의도동,13-19,스타벅스커피 여의도 의사당점,영업,201009,203001,192956.1254,447539.7495
서울특별시,영등포구,양평동4가,98-5,스타벅스(선유도역점),영업,201603,203001,190613.7058,448341.565
서울특별시,마포구,도화동,22,스타벅스커피공덕오거리점,영업,200902,203001,195568.0067,448931.2947
서울특별시,강남구,삼성동,51-0,스타벅스 삼성현대힐점,영업,200812,203001,204591.4023,445700.3249
서울특별시,마포구,아현동,738,스타벅스애오개역점,영업,200811,203001,195998.8959,449990.86
서울특별시,마포구,도화동,563,스타벅스마포아크로점,영업,200709,203001,195422.1754,448787.9735
서울특별시,강남구,논현동,87-0,스타벅스학동역점,영업,200408,203001,202646.5733,445825.6459
서울특별시,성동구,행당동,155-1,스타벅스 엔터식스한양대점,폐업,201412,202101,203477.9054,450542.4544
서울특별시,강남구,도곡동,946-14,스타벅스 뱅뱅사거리점,폐업,201005,202205,202802.3752,442929.9922
서울특별시,마포구,서교동,395-166,스타벅스커피서교점,폐업,201412,202205,192602.6962,449899.3395
서울특별시,중랑구,묵동,170-1,스타벅스묵동이마트점,폐업,201101,202204,206777.7314,456837.2196
서울특별시,종로구,안국동,164,스타벅스 안국역점,폐업,200908,201407,198548.6642,452679.3141
서울특별시,종로구,서린동,33,스타벅스영풍문고점,폐업,200312,202202,198351.8187,451921.603
서울특별시,종로구,묘동,56,스타벅스단성사점,폐업,200501,201003,199269.1155,452076.2256
서울특별시,종로구,동숭동,1-38,스타벅스 상명아트홀점,폐업,200811,201811,200171.5159,453449.8545
서울특별시,종로구,관철동,13-1,주)스타벅스코리아,폐업,200106,200606,198757.1286,451907.1137
서울특별시,종로구,수송동,85,스타벅스써머셋팰리스점,폐업,200506,201008,198271.8438,452533.8997
서울특별시,종로구,공평동,100-0,스타벅스 SC 제일은행 본점,폐업,200107,200808,198375.2904,452091.9837
서울특별시,종로구,종로2가,6,스타벅스 더종로점,폐업,201712,201712,198504.7727,452018.1615
서울특별시,종로구,평창동,310-1,스타벅스 종로평창,폐업,201103,201903,196997.2309,455942.4327
서울특별시,종로구,관철동,43-9,스타벅스 광교점,폐업,200603,202103,198533.5398,451850.2721
서울특별시,종로구,관수동,59-7,스타벅스 서울극장점,폐업,200810,202111,199205.3298,451945.822
서울특별시,종로구,수송동,51-8,스타벅스 수송동점,폐업,200211,201307,198334.582,452572.8859
서울특별시,종로구,관철동,14-5,스타벅스 새종로점,폐업,200212,201910,198733.2856,451930.8934
서울특별시,종로구,인사동,75-4,스타벅스 종로2가점,폐업,201210,201910,198811.9659,452040.8222
서울특별시,중구,명동1가,10-1,스타벅스 명동센트럴점,폐업,201811,202111,198625.2543,451373.686
서울특별시,중구,을지로2가,199-2,스타벅스 국민은행명동점,폐업,200408,201101,198421.6477,451369.5459
서울특별시,중구,명동1가,76-2,스타벅스명동Ⅱ점,폐업,200410,201410,198403.8747,451281.4494
서울특별시,중구,저동1가,90-10,스타벅스명동성당점,폐업,200602,201601,198800.2984,451389.5513
서울특별시,중구,을지로2가,181,스타벅스 외환은행본점,폐업,200309,201412,198611.2399,451473.2483
서울특별시,중구,을지로2가,11,스타벅스 SKT TOWER 점,폐업,200809,201605,198614.9786,451577.839
서울특별시,중구,명동2가,31-1,스타벅스 명동 M plaza,폐업,200809,201508,198619.3882,451135.7403
서울특별시,중구,저동2가,64-0,스타벅스백병원별관점,폐업,200602,201104,199027.4058,451303.612
서울특별시,중구,서소문동,90-0,스타벅스 서소문점,폐업,200611,202111,197772.4785,451236.8393
서울특별시,중구,충무로1가,54,스타벅스신세계본점B1,폐업,200512,201407,198253.896,450905.2845
서울특별시,중구,충무로2가,66-10,스타벅스 명동점,폐업,200509,201508,198629.8672,451052.713
서울특별시,중구,충무로1가,52-20,스타벅스신세계본점,폐업,200508,201410,,
서울특별시,중구,명동2가,83-5,스타벅스명동눈스퀘어점,폐업,200906,201606,198418.7417,451237.1686
서울특별시,중구,을지로1가,50,스타벅스 시청 플러스,폐업,201204,202202,198160.4203,451559.1843
서울특별시,중구,회현동2가,88,스타벅스 남산스테이트,폐업,201209,202103,198420.987,450877.8749
서울특별시,중구,소공동,112-4,스타벅스 소공로북창점,폐업,201006,202111,198065.2935,451271.1292
서울특별시,중구,남대문로1가,21,스타벅스 을지로1가점,폐업,201101,201510,198431.2757,451678.6053
서울특별시,중구,명동1가,48-2,스타벅스 명동미래,폐업,201002,202009,198562.7545,451322.8305
서울특별시,용산구,한남동,683-139,스타벅스한강진역점,폐업,201802,201803,200025.7351,448318.475
서울특별시,용산구,이태원동,127-6,스타벅스 이태원점,폐업,200407,201407,199472.627,448007.9612
서울특별시,용산구,이태원동,56-13,스타벅스이태원입구점,폐업,200704,201805,198981.1894,447973.6355
서울특별시,용산구,한남동,737-61,스타벅스커피 이태원거리점,폐업,201306,202007,199716.1526,448084.3782
서울특별시,구로구,고척동,100-7,스타벅스 고척아이파크점,영업,202301,203001,187477.5794,444045.2949
서울특별시,성동구,행당동,168-1,스타벅스왕십리엔터식스점,폐업,200809,201204,203292.1519,451267.7309
서울특별시,성동구,성수동1가,14-33,스타벅스 뚝섬역점,폐업,201711,202103,204270.5772,449354.5236
서울특별시,성동구,성수동1가,14-33,스타벅스 뚝섬역점,폐업,201711,202103,204270.5772,449354.5236
서울특별시,광진구,구의동,67-7,스타벅스커피구의디티(DT)점,영업,201504,203001,207644.67,449227.7142
서울특별시,광진구,구의동,589-10,스타벅스커피강변역점,폐업,201404,202206,208135.5074,448204.0917
서울특별시,광진구,자양동,779-8,스타벅스(구의점),폐업,200612,201202,207272.1495,448355.7308
서울특별시,광진구,광장동,445-5,스타벅스 광나루역점,폐업,200609,201109,209023.363,449094.1411
서울특별시,광진구,구의동,546-4,스타벅스(테크노마트점),폐업,200507,200808,208394.4164,448165.28
서울특별시,광진구,화양동,4-12,스타벅스(건대병원점),폐업,200507,201108,206303.0322,448689.8782
서울특별시,동대문구,전농동,620-2,스타벅스청량리역점,폐업,200812,201903,203890.4419,453052.825
서울특별시,성북구,안암동5가,126-1,스타벅스 고대안암병원 점,폐업,200604,201905,202313.8508,453871.2647
서울특별시,성북구,안암동5가,1-2,스타벅스 고대프라자점,폐업,200410,201002,202789.6923,454049.5519
서울특별시,강서구,가양동,449-19,스타벅스 가양이마트점,폐업,200308,202209,187761.1943,450640.2145
서울특별시,서초구,잠원동,149-2,스타벅스 서울웨이브아트센터점,영업,202009,203001,200569.2754,446229.81
서울특별시,노원구,공릉동,126,스타벅스커피 서울여대점,폐업,201308,202009,207918.3204,458383.9834
서울특별시,동대문구,제기동,1036,스타벅스 경동1960,영업,202212,203001,203347.5172,453035.6762
서울특별시,은평구,대조동,198-10,스타벅스 연신내역,폐업,201102,201904,192879.286,457277.2689
서울특별시,서대문구,남가좌동,344-1,스타벅스커피코리아 명지대점,폐업,201506,202005,193071.0875,452890.0137
서울특별시,서대문구,창천동,510-2,스타벅스커피 동교삼거리,폐업,201312,201911,193512.0635,450729.659
서울특별시,서대문구,창천동,5-1,스타벅스 신촌기차역점,폐업,200404,201704,194652.7901,450729.5046
서울특별시,서대문구,창천동,20-41,스타벅스 신촌대로점,폐업,200404,202005,194565.6693,450443.3572
서울특별시,서대문구,창천동,33-12,스타벅스연대정문점,폐업,200601,201112,194336.3961,450703.601
서울특별시,마포구,서교동,362-1,스타벅스커피홍대공원점,폐업,201406,201911,193148.8816,449965.4706
서울특별시,마포구,서교동,360-6,스타벅스 홍대정문점,폐업,200512,201101,193191.7597,449973.3204
서울특별시,마포구,성산동,515,스타벅스월드컵경기장점,폐업,200305,201105,,
서울특별시,마포구,동교동,163-8,스타벅스홍대점,폐업,200212,201212,193084.0831,450267.2616
서울특별시,마포구,공덕동,462,스타벅스공덕역점,폐업,201206,201907,195782.1679,449467.1254
서울특별시,마포구,서교동,343-10,스타벅스홍대갤러리점,폐업,200904,202102,193288.2761,450114.9809
서울특별시,마포구,서교동,358-54,스타벅스 홍대로데오점,폐업,200707,201209,,
서울특별시,마포구,합정동,414-3,스타벅스합정역점,폐업,201112,201609,192359.2386,449646.7231
서울특별시,마포구,신수동,81-136,스타벅스 서강대점,폐업,200605,201105,194369.3187,449982.6876
서울특별시,마포구,서교동,353-5,스타벅스홍대입구역사거리R,폐업,201801,201807,192887.1596,450276.0244
서울특별시,양천구,목동,961,스타벅스커피목동하이페리온점,폐업,201305,202007,188431.2863,446909.3659
서울특별시,양천구,목동,404-177,스타벅스오목교사거리점,폐업,201006,201507,188992.7942,446886.6209
서울특별시,양천구,목동,961,스타벅스오목교역,폐업,200612,201201,188431.2863,446909.3659
서울특별시,강서구,화곡동,1095-0,스타벅스강서아이파크점,폐업,201009,201709,186786.6225,450297.7027
서울특별시,강서구,공항동,1373-0,스타벅스김포공항2호점,폐업,200110,201211,182974.8501,450419.6846
서울특별시,강서구,공항동,1373-0,스타벅스김포공항1호점,폐업,200110,201211,182974.8501,450419.6846
서울특별시,구로구,구로동,197-12,스타벅스 드림마크원점,폐업,200406,202206,190346.4386,442638.4493
서울특별시,구로구,구로동,3-25,스타벅스 신도림테크노마트,폐업,200712,201301,190232.5245,444978.6827
서울특별시,영등포구,여의도동,17-10,스타벅스KBS동문점,폐업,200307,200808,192656.5771,447120.5961
서울특별시,영등포구,영등포동4가,433-9,스타벅스신세계영등포점,폐업,200403,201003,191620.7947,446092.3308
서울특별시,영등포구,영등포동4가,434-5,스타벅스신세계영등포2호점,폐업,200604,200808,191581.5003,446108.8072
서울특별시,영등포구,여의도동,34-3,스타벅스여의도미래에셋대우,폐업,200209,201911,193711.993,446672.449
서울특별시,영등포구,여의도동,27-3,스타벅스여의도하나금융투자,폐업,200211,201711,193017.8785,446707.5308
서울특별시,영등포구,여의도동,14-8,스타벅스서여의도점,폐업,200011,202004,192883.8208,447484.8781
서울특별시,영등포구,여의도동,36-3,스타벅스국민은행여의도점,폐업,200406,201504,193555.4046,446518.2327
서울특별시,영등포구,여의도동,23,스타벅스커피여의도IFC몰,폐업,201208,201810,193326.931,446973.9146
서울특별시,영등포구,당산동6가,304-1,스타벅스 당산역점,폐업,200810,202009,191257.8864,448036.2005
서울특별시,동작구,신대방동,395-66,스타벅스 보라매타운점,폐업,201001,201902,193153.177,443251.1214
서울특별시,관악구,봉천동,1660-1,스타벅스 낙성대역점,영업,201909,203001,196499.3118,441722.928
서울특별시,관악구,봉천동,862-5,스타벅스서울대점,폐업,200103,201304,195702.9185,442040.6407
서울특별시,서초구,서초동,1572-5,스타벅스 법원삼거리점,폐업,201007,201405,200993.847,443406.4918
서울특별시,서초구,반포동,19-3,스타벅스 신세계강남 지하1층점,폐업,201011,201012,200250.4478,444683.2205
서울특별시,서초구,서초동,1451-95,스타벅스 예술의전당점,폐업,200912,202112,201124.6753,442107.3256
서울특별시,서초구,서초동,1319-13,스타벅스강남대로점,폐업,200311,200812,202389.26,443804.065
서울특별시,서초구,양재동,274-2,스타벅스 삼호물산점,폐업,200801,201407,203818.8404,441561.3646
서울특별시,서초구,방배동,755-14,스타벅스 방배카페입구,폐업,201012,201807,198666.4584,443897.1505
서울특별시,서초구,서초동,1338-7,스타벅스뱅뱅점,폐업,200206,201802,202583.1659,443087.3989
서울특별시,서초구,반포동,19-3,스타벅스커피 신세계강남 7F,폐업,200907,201703,200250.4478,444683.2205
서울특별시,서초구,반포동,736-6,스타벅스 강남대로 반포점,폐업,200904,201405,201905.6684,444987.3247
서울특별시,서초구,반포동,19-3,스타벅스 신세계강남점,폐업,200102,200907,200250.4478,444683.2205
서울특별시,서초구,반포동,19-3,스타벅스신세계강남점,폐업,200010,201106,200250.4478,444683.2205
서울특별시,서초구,방배동,797-24,스타벅스 서래마을성당점,폐업,200806,201506,199362.1675,443521.3782
서울특별시,서초구,잠원동,28-1,스타벅스 신사2점,폐업,200608,201410,201664.3586,445710.12
서울특별시,강남구,신사동,536-9,스타벅스신사가로수길점,폐업,201008,201510,201964.7575,446259.913
서울특별시,강남구,대치동,946-18,스타벅스  삼성역사거리점,폐업,201001,201711,205474.375,445050.535
서울특별시,강남구,삼성동,159-0,스타벅스 코엑스2점,폐업,200612,201311,205130.5917,445590.0968
서울특별시,강남구,논현동,111-26,스타벅스영동점,폐업,200508,201010,203519.698,446241.7445
서울특별시,강남구,삼성동,159-6,스타벅스도심공항터미널점,폐업,200407,201311,205170.9597,445264.9363
서울특별시,강남구,삼성동,168-26,스타벅스 삼성역점,폐업,201303,202011,205577.8391,445320.4182
서울특별시,강남구,역삼동,701-7,스타벅스기술센터점,폐업,200304,202104,203789.6733,444565.7223
서울특별시,강남구,역삼동,816-0,스타벅스 씨티극장점,폐업,200608,201109,202310.3114,444240.7983
서울특별시,강남구,수서동,713,스타벅스수서점,폐업,200605,202107,208937.7607,442873.588
서울특별시,강남구,일원동,50-0,스타벅스삼성서울병원점,폐업,200205,200801,207534.4946,442943.8604
서울특별시,강남구,청담동,85-4,스타벅스청담점,폐업,200212,200712,203473.9251,446939.2252
서울특별시,강남구,삼성동,168-21,스타벅스삼성역점,폐업,200212,201211,205517.8958,445373.9456
서울특별시,강남구,논현동,142-3,스타벅스논현역점,폐업,200502,200911,201903.35,445314.635
서울특별시,강남구,역삼동,837-36,스타벅스랜드마크점,폐업,200502,201003,202741.8104,443163.6451
서울특별시,강남구,삼성동,142-39,스타벅스리빙플라자선릉점,폐업,200306,200803,204452.235,444818.935
서울특별시,강남구,도곡동,953-1,스타벅스양재역점,폐업,200604,201105,202973.006,442568.8789
서울특별시,강남구,대치동,996-9,스타벅스삼성2점,폐업,200709,201209,205695.255,445153.685
서울특별시,강남구,논현동,62-12,스타벅스논현점,폐업,200111,201212,,
서울특별시,강남구,역삼동,648-26,스타벅스국기원점,폐업,200207,200801,202676.4228,444136.0826
서울특별시,강남구,역삼동,679-4,스타벅스 역삼점,폐업,200011,201104,203267.0859,444376.2729
서울특별시,강남구,삼성동,159-9,스타벅스아셈점,폐업,200005,200410,205259.5276,445361.9371
서울특별시,강남구,역삼동,820-8,스타벅스강남점,폐업,200002,201101,202368.6453,444112.9519
서울특별시,강남구,신사동,641-0,스타벅스압구정점,폐업,200012,201104,203171.8962,447270.984
서울특별시,강남구,삼성동,157-0,스타벅스 포스코사거리점,폐업,200510,201010,204903.731,445130.2123
서울특별시,강남구,삼성동,52-17,스타벅스청담역점,폐업,200509,201010,204457.767,446164.9863
서울특별시,강남구,역삼동,755-0,스타벅스역삼이마트점,폐업,200703,201104,204213.6432,444113.0282
서울특별시,강남구,논현동,17-0,스타벅스 신사점,폐업,200101,200801,201715.3874,445907.4494
서울특별시,강남구,삼성동,159-0,에렉스에프앤비(주)스타벅스코엑스점,폐업,200011,201401,205130.5917,445590.0968
서울특별시,강남구,역삼동,827-59,스타벅스 국기원사거리점,폐업,200806,201407,202751.6603,443834.771
서울특별시,강남구,신사동,532-12,스타벅스 가로수길 점,폐업,200806,201307,201901.4371,446779.2032
서울특별시,강남구,신사동,651-21,스타벅스씨네시티점,폐업,200512,201104,203205.417,446740.5529
서울특별시,강남구,역삼동,641-11,스타벅스역삼예지점,폐업,200510,201010,203100.8503,444470.0955
서울특별시,강남구,역삼동,816-7,스타벅스커피 강남역점,폐업,201205,201705,202337.2215,444235.2846
서울특별시,강남구,논현동,235-11,스타벅스 차병원사거리,폐업,201111,202211,203057.8297,445092.1834
서울특별시,송파구,방이동,88-1,스타벅스올림픽공원점,폐업,200706,201307,210215.1291,446275.7766
서울특별시,송파구,방이동,89-11,스타벅스올림픽프라자점,폐업,200405,201504,211619.368,445963.3849
서울특별시,송파구,방이동,22-5,스타벅스 송파구청점,폐업,201611,202206,209427.4102,445829.7259
서울특별시,강동구,천호동,455-8,스타벅스현대천호점,폐업,200406,201408,210931.6435,448522.0798
서울특별시,강동구,성내동,468,스타벅스커피 올림픽공원 북문점,폐업,201405,202107,211064.097,447034.5346
서울특별시,강동구,천호동,455-8,스타벅스 현대천호B1점,폐업,201508,201810,210931.6435,448522.0798
서울특별시,강동구,길동,459-4,스타벅스 길동사거리점,폐업,201008,202009,212167.3054,448056.9768
서울특별시,강남구,역삼동,646-15,스타벅스 역삼역점,폐업,200912,202301,203038.9781,444288.224
